Workbook

Sheet 10.24右线模板新
A1: YKZ4 | B1: 11.0394
A2: YBM8 | B2: 10.3774 | C2: 0.0441
A3: YBM7 | B3: 10.36561 | C3: 0.342
A4: YBM6 | B4: 10.35875 | C4: 0.0108
A5: YBM5 | B5: 10.36959 | C5: 0.0109
A6: 5 | B6: 10.33393 | C6: 0.057
A7: YDDC26-1 | B7: =IFERROR(VLOOKUP(TRIM(A7),数据!$A:$GD,4,FALSE),B7) -> 10.3241 | C7: 5.1566 | D7: Z
A8: YDDC26-2 | B8: =IFERROR(VLOOKUP(TRIM(A8),数据!$A:$GD,4,FALSE),B8) -> 10.34604 | C8: 6.1817 | D8: Z
A9: YDDC26-3 | B9: =IFERROR(VLOOKUP(TRIM(A9),数据!$A:$GD,4,FALSE),B9) -> 10.34702 | C9: 5.2177 | D9: Z
A10: YDDC27-1 | B10: =IFERROR(VLOOKUP(TRIM(A10),数据!$A:$GD,4,FALSE),B10) -> 10.36692 | C10: 5.5919 | D10: Z
A11: YDDC27-2 | B11: =IFERROR(VLOOKUP(TRIM(A11),数据!$A:$GD,4,FALSE),B11) -> 10.35644 | C11: 6.1411 | D11: Z
A12: YDDC27-3 | B12: =IFERROR(VLOOKUP(TRIM(A12),数据!$A:$GD,4,FALSE),B12) -> 10.36955 | C12: 3.2478 | D12: Z
A13: YDDC27-4 | B13: =IFERROR(VLOOKUP(TRIM(A13),数据!$A:$GD,4,FALSE),B13) -> 10.36498 | C13: 5.4687 | D13: Z
A14: YDDC28-1 | B14: =IFERROR(VLOOKUP(TRIM(A14),数据!$A:$GD,4,FALSE),B14) -> 10.35475 | C14: 6.0207 | D14: Z
A15: YDDC28-2 | B15: =IFERROR(VLOOKUP(TRIM(A15),数据!$A:$GD,4,FALSE),B15) -> 10.36201 | C15: 4.7961 | D15: Z
A16: YDDC28-3 | B16: =IFERROR(VLOOKUP(TRIM(A16),数据!$A:$GD,4,FALSE),B16) -> 10.34223 | C16: 4.9983 | D16: Z
A17: YDDC29-1 | B17: =IFERROR(VLOOKUP(TRIM(A17),数据!$A:$GD,4,FALSE),B17) -> 10.35892 | C17: 5.9984 | D17: Z
A18: YDDC29-2 | B18: =IFERROR(VLOOKUP(TRIM(A18),数据!$A:$GD,4,FALSE),B18) -> 9.93579 | C18: 3.0673 | D18: Z
... A25: YDDC31-2 | B25: =IFERROR(VLOOKUP(TRIM(A25),数据!$A:$GD,4,FALSE),B25) -> 9.99417 | C25: 2.9858 | D25: Z
A26: 6 | B26: 10.23559 | C26: 0.0527
A27: YDDC16-1 | B27: =IFERROR(VLOOKUP(TRIM(A27),数据!$A:$GD,4,FALSE),B27) -> 10.16519 | C27: 5.3074 | D27: Z
A28: YDDC16-2 | B28: =IFERROR(VLOOKUP(TRIM(A28),数据!$A:$GD,4,FALSE),B28) -> 10.19097 | C28: 5.3299 | D28: Z
A29: YDDC16-3 | B29: =IFERROR(VLOOKUP(TRIM(A29),数据!$A:$GD,4,FALSE),B29) -> 10.1986 | C29: 5.5993 | D29: Z
A30: YDDC17-1 | B30: =IFERROR(VLOOKUP(TRIM(A30),数据!$A:$GD,4,FALSE),B30) -> 10.21838 | C30: 3.7273 | D30: Z
A31: YDDC17-2 | B31: =IFERROR(VLOOKUP(TRIM(A31),数据!$A:$GD,4,FALSE),B31) -> 10.19049 | C31: 2.9014 | D31: Z
A32: YDDC17-3 | B32: =IFERROR(VLOOKUP(TRIM(A32),数据!$A:$GD,4,FALSE),B32) -> 10.12461 | C32: 3.0081 | D32: Z
A33: YDDC18-1 | B33: =IFERROR(VLOOKUP(TRIM(A33),数据!$A:$GD,4,FALSE),B33) -> 10.14344 | C33: 5.0652 | D33: Z
A34: YDDC18-3 | B34: =IFERROR(VLOOKUP(TRIM(A34),数据!$A:$GD,4,FALSE),B34) -> 10.15822 | C34: 5.2358 | D34: Z
A35: YDDC19-1 | B35: =IFERROR(VLOOKUP(TRIM(A35),数据!$A:$GD,4,FALSE),B35) -> 10.15906 | C35: 5.6857 | D35: Z
A36: YDDC19-2 | B36: =IFERROR(VLOOKUP(TRIM(A36),数据!$A:$GD,4,FALSE),B36) -> 10.16717 | C36: 5.0984 | D36: Z
A37: YDDC19-3 | B37: =IFERROR(VLOOKUP(TRIM(A37),数据!$A:$GD,4,FALSE),B37) -> 10.17294 | C37: 5.6177 | D37: Z
A38: YDDC20-1 | B38: =IFERROR(VLOOKUP(TRIM(A38),数据!$A:$GD,4,FALSE),B38) -> 10.1741 | C38: 6.0087 | D38: Z
... A59: YDDC25-4 | B59: =IFERROR(VLOOKUP(TRIM(A59),数据!$A:$GD,4,FALSE),B59) -> 10.34032 | C59: 3.171 | D59: Z
A60: 7 | B60: 10.12798 | C60: 0.0525
A61: YDDC10-1 | B61: =IFERROR(VLOOKUP(TRIM(A61),数据!$A:$GD,4,FALSE),B61) -> 10.04387 | C61: 5.0049 | D61: Z
A62: YDDC10-2 | B62: =IFERROR(VLOOKUP(TRIM(A62),数据!$A:$GD,4,FALSE),B62) -> 10.02851 | C62: 5.2129 | D62: Z
A63: YDDC11-1 | B63: =IFERROR(VLOOKUP(TRIM(A63),数据!$A:$GD,4,FALSE),B63) -> 10.04586 | C63: 5.5917 | D63: Z
A64: YDDC11-2 | B64: =IFERROR(VLOOKUP(TRIM(A64),数据!$A:$GD,4,FALSE),B64) -> 10.04704 | C64: 3.6165 | D64: Z
A65: YDDC12-1 | B65: =IFERROR(VLOOKUP(TRIM(A65),数据!$A:$GD,4,FALSE),B65) -> 10.06931 | C65: 3.3237 | D65: Z
A66: YDDC12-2 | B66: =IFERROR(VLOOKUP(TRIM(A66),数据!$A:$GD,4,FALSE),B66) -> 10.08344 | C66: 3.1107 | D66: Z
A67: YDDC13-1 | B67: =IFERROR(VLOOKUP(TRIM(A67),数据!$A:$GD,4,FALSE),B67) -> 10.08511 | C67: 5.2135 | D67: Z
A68: YDDC13-2 | B68: =IFERROR(VLOOKUP(TRIM(A68),数据!$A:$GD,4,FALSE),B68) -> 10.09413 | C68: 5.1586 | D68: Z
A69: YDDC13-3 | B69: =IFERROR(VLOOKUP(TRIM(A69),数据!$A:$GD,4,FALSE),B69) -> 10.09425 | C69: 5.4911 | D69: Z
A70: YDDC14-1 | B70: =IFERROR(VLOOKUP(TRIM(A70),数据!$A:$GD,4,FALSE),B70) -> 10.11828 | C70: 3.9741 | D70: Z
A71: YDDC14-2 | B71: =IFERROR(VLOOKUP(TRIM(A71),数据!$A:$GD,4,FALSE),B71) -> 10.1232 | C71: 3.1937 | D71: Z
A72: YDDC15-1 | B72: =IFERROR(VLOOKUP(TRIM(A72),数据!$A:$GD,4,FALSE),B72) -> 10.12894 | C72: 3.0682 | D72: Z
... A74: YDDC15-3 | B74: =IFERROR(VLOOKUP(TRIM(A74),数据!$A:$GD,4,FALSE),B74) -> 10.14345 | C74: 3.2841 | D74: Z
A75: 8 | B75: 10.0342 | C75: 0.0449
A76: YDDC04-1 | B76: =IFERROR(VLOOKUP(TRIM(A76),数据!$A:$GD,4,FALSE),B76) -> 9.93738 | C76: 5.2832 | D76: Z
A77: YDDC04-2 | B77: =IFERROR(VLOOKUP(TRIM(A77),数据!$A:$GD,4,FALSE),B77) -> 9.956 | C77: 5.4115 | D77: Z
A78: YDDC05-1 | B78: =IFERROR(VLOOKUP(TRIM(A78),数据!$A:$GD,4,FALSE),B78) -> 9.95336 | C78: 5.85 | D78: Z
A79: YDDC05-2 | B79: =IFERROR(VLOOKUP(TRIM(A79),数据!$A:$GD,4,FALSE),B79) -> 9.96425 | C79: 3.5908 | D79: Z
A80: YDDC06-1 | B80: =IFERROR(VLOOKUP(TRIM(A80),数据!$A:$GD,4,FALSE),B80) -> 9.96878 | C80: 3.4588 | D80: Z
A81: YDDC06-2 | B81: =IFERROR(VLOOKUP(TRIM(A81),数据!$A:$GD,4,FALSE),B81) -> 9.97307 | C81: 3.0291 | D81: Z
A82: YDDC07-1 | B82: =IFERROR(VLOOKUP(TRIM(A82),数据!$A:$GD,4,FALSE),B82) -> 9.98528 | C82: 4.9015 | D82: Z
A83: YDDC07-2 | B83: =IFERROR(VLOOKUP(TRIM(A83),数据!$A:$GD,4,FALSE),B83) -> 9.98696 | C83: 5.3115 | D83: Z
A84: YDDC08-1 | B84: =IFERROR(VLOOKUP(TRIM(A84),数据!$A:$GD,4,FALSE),B84) -> 10.00374 | C84: 6.2154 | D84: Z
A85: YDDC08-2 | B85: =IFERROR(VLOOKUP(TRIM(A85),数据!$A:$GD,4,FALSE),B85) -> 10.01405 | C85: 3.9988 | D85: Z
A86: YDDC09-1 | B86: =IFERROR(VLOOKUP(TRIM(A86),数据!$A:$GD,4,FALSE),B86) -> 10.01339 | C86: 3.0546 | D86: Z
A87: YDDC09-2 | B87: =IFERROR(VLOOKUP(TRIM(A87),数据!$A:$GD,4,FALSE),B87) -> 9.99065 | C87: 3.6251 | D87: Z
A88: 9 | B88: 9.97532 | C88: 0.0527
A89: YDDC01-1 | B89: =IFERROR(VLOOKUP(TRIM(A89),数据!$A:$GD,4,FALSE),B89) -> 9.8867 | C89: 4.8523 | D89: Z
A90: YDDC01-2 | B90: =IFERROR(VLOOKUP(TRIM(A90),数据!$A:$GD,4,FALSE),B90) -> 9.87104 | C90: 5.4499 | D90: Z
A91: YDDC02-1 | B91: =IFERROR(VLOOKUP(TRIM(A91),数据!$A:$GD,4,FALSE),B91) -> 9.9122 | C91: 6.1643 | D91: Z
A92: YDDC02-2 | B92: =IFERROR(VLOOKUP(TRIM(A92),数据!$A:$GD,4,FALSE),B92) -> 9.90563 | C92: 3.7227 | D92: Z
A93: YDDC03-1 | B93: =IFERROR(VLOOKUP(TRIM(A93),数据!$A:$GD,4,FALSE),B93) -> 9.93024 | C93: 2.9006 | D93: Z
A94: YDDC03-2 | B94: =IFERROR(VLOOKUP(TRIM(A94),数据!$A:$GD,4,FALSE),B94) -> 9.93512 | C94: 3.038 | D94: Z
A95: 10 | B95: 9.95326 | C95: 0.0512
A96: YBM4 | B96: 10.04119 | C96: 0.0061
A97: YBM3 | B97: 10.03726 | C97: 0.0062
A98: 13 | B98: 9.87376 | C98: 0.014
A99: YBM2 | B99: 10.09783 | C99: 0.0112
A100: YBM1 | B100: 10.00038 | C100: 0.0063
A101: 18 | B101: 9.96876 | C101: 0.0223
A102: YKZ2 | B102: 9.88102 | C102: 0.0283
A103: YKZ1 | B103: 9.99964 | C103: 0.0062
A104: 21 | B104: 10.02876 | C104: 0.0281
A105: YBM1 | B105: 10.00038 | C105: 0.0223
A106: 24 | B106: 10.04271 | C106: 0.0124
A107: YBM3 | B107: 10.03726 | C107: 0.0122
A108: 27 | B108: 9.92862 | C108: 0.0347
A109: YJGC1-1 | B109: =IFERROR(VLOOKUP(TRIM(A109),高程!$A:$GD,4,FALSE),B109) -> 10.13732 | C109: 3.9675 | D109: Z
A110: YJGC1-2 | B110: =IFERROR(VLOOKUP(TRIM(A110),高程!$A:$GD,4,FALSE),B110) -> 10.21526 | C110: 3.0741 | D110: Z
A111: 28 | B111: 9.92862 | C111: 0.0052
A112: YJGC2-1 | B112: =IFERROR(VLOOKUP(TRIM(A112),高程!$A:$GD,4,FALSE),B112) -> 10.1385 | C112: 3.8297 | D112: Z
A113: YJGC2-2 | B113: =IFERROR(VLOOKUP(TRIM(A113),高程!$A:$GD,4,FALSE),B113) -> 10.20826 | C113: 3.1219 | D113: Z
A114: 29 | B114: 9.92862 | C114: 0.0139
A115: YJGC3-1 | B115: =IFERROR(VLOOKUP(TRIM(A115),高程!$A:$GD,4,FALSE),B115) -> 10.16845 | C115: 3.7051 | D115: Z
A116: YJGC3-2 | B116: =IFERROR(VLOOKUP(TRIM(A116),高程!$A:$GD,4,FALSE),B116) -> 10.3201 | C116: 3.2266 | D116: Z
A117: 30 | B117: 9.92862 | C117: 0.0365
A118: YJGC4-1 | B118: =IFERROR(VLOOKUP(TRIM(A118),高程!$A:$GD,4,FALSE),B118) -> 10.18635 | C118: 3.5617 | D118: Z
A119: YJGC4-2 | B119: =IFERROR(VLOOKUP(TRIM(A119),高程!$A:$GD,4,FALSE),B119) -> 10.35749 | C119: 3.4105 | D119: Z
A120: 31 | B120: 10.03901 | C120: 0.055
A121: YJGC5-1 | B121: =IFERROR(VLOOKUP(TRIM(A121),高程!$A:$GD,4,FALSE),B121) -> 10.21966 | C121: 3.4846 | D121: Z
A122: YJGC5-2 | B122: =IFERROR(VLOOKUP(TRIM(A122),高程!$A:$GD,4,FALSE),B122) -> 10.34552 | C122: 2.9132 | D122: Z
A123: 32 | B123: 10.03898 | C123: 0.0316
A124: YJGC6-1 | B124: =IFERROR(VLOOKUP(TRIM(A124),高程!$A:$GD,4,FALSE),B124) -> 10.21978 | C124: 3.7026 | D124: Z
A125: YJGC6-2 | B125: =IFERROR(VLOOKUP(TRIM(A125),高程!$A:$GD,4,FALSE),B125) -> 10.34631 | C125: 2.8709 | D125: Z
A126: YJGC7-1 | B126: =IFERROR(VLOOKUP(TRIM(A126),高程!$A:$GD,4,FALSE),B126) -> 10.25199 | C126: 3.8274 | D126: Z
A127: YJGC7-2 | B127: =IFERROR(VLOOKUP(TRIM(A127),高程!$A:$GD,4,FALSE),B127) -> 10.34315 | C127: 3.2226 | D127: Z
...

Sheet 高程
B1: 45954 | C1: 45961 | D1: 45968 | E1: 45975 | F1: 45980 | G1: 45981 | H1: 45982 | I1: 45983 | J1: 45986 | K1: 45989 | L1: 45992 | M1: 45995 | N1: 45998 | O1: 46001 | P1: 46004 | Q1: 46005 | R1: 2025/12/14晚 | S1: 46006 | T1: 2025/12/15晚 | U1: 46007 | V1: 2025/12/16晚 | W1: 46008 | X1: 2025/12/17晚 | Y1: 46009 | Z1: 2025/12/18晚 | AA1: 46010 | AB1: 2025/12/19晚 | AC1: 46011 | AD1: 2025/12/20晚 | AE1: 46012 | AF1: 2025/12/21晚 | AG1: 46013 | AH1: 2025/12/22晚 | AI1: 46014 | AJ1: 2025/12/23晚 | AK1: 46015 | AL1: 2025/12/24晚 | AM1: 46016 | AN1: 2025/12/25晚 | AO1: 46017 | AP1: 2025/12/26晚 | AQ1: 46018 | AR1: 2025/12/27晚 | AS1: 46019 | AT1: 2025/12/28晚 | AU1: 46020 | AV1: 2025/12/29晚 | AW1: 46021 | AX1: 2025/12/30晚 | AY1: 46022 | AZ1: 2025/12/31晚 | BA1: 46023 | BB1: 1/1晚 | BC1: 46024 | BD1: 1/2晚 | BE1: 46025 | BF1: 1/3晚 | BG1: 46026 | BH1: 1/4晚 | BI1: 46027 | BJ1: 1/5晚 | BK1: 46028 | BL1: 1/6晚 | BM1: 46029 | BN1: 1/7晚 | BO1: 46030 | BP1: 1/8晚 | BQ1: 46031 | BR1: 1/9晚 | BS1: 46032 | BT1: 1/10晚 | BU1: 46033 | BV1: 1/11晚 | BW1: 46034 | BX1: 1/12晚 | BY1: 46035 | BZ1: 1/13晚 | CA1: 46036 | CB1: 1/14晚 | CC1: 46037 | CD1: 1/15晚 | CE1: 46038 | CF1: 1/16晚 | CG1: 46039 | CH1: 1/17晚 | CI1: 46040 | CJ1: 1/18晚 | CK1: 46041 | CL1: 1/19晚 | CM1: 46042 | CN1: 1/20晚 | CO1: 46043 | CP1: 1/21晚 | CQ1: 46044 | CR1: 1/22晚 | CS1: 46045 | CT1: 1/23晚 | CU1: 46046 | CV1: 1/24晚 | CW1: 46047 | CX1: 1/25晚 | CY1: 46048 | CZ1: 46049 | DA1: 46050 | DB1: 46051 | DC1: 46052 | DD1: 46053 | DE1: 46054 | DF1: 46055 | DG1: 46056 | DH1: 46080 | DI1: 46081 | DJ1: 46082 | DK1: 46083 | DL1: 46084 | DM1: 46085 | DN1: 46086 | DO1: 46087 | DP1: 46088 | DQ1: 46089 | DR1: 46090 | DS1: 46091 | DT1: 46092 | DU1: 46093 | DV1: 46094 | DW1: 46095 | DX1: 46096 | DY1: 46097 | EB1: 初值 | EC1: 46098 | ED1: 46099 | EE1: 46100 | EF1: 46101 | EG1: 46102 | EH1: 46103 | EI1: 46104 | EJ1: 46105 | EK1: 46106 | EL1: 46107 | EM1: 46108 | EN1: 46109 | EO1: 46110 | EP1: 46111 | EQ1: 46112 | ER1: 46113 | ES1: 46114 | ET1: 46115 | EU1: 46116 | EV1: 46117 | EW1: 46118 | EX1: 46119 | EY1: 46120 | EZ1: 46121 | FA1: 46122 | FB1: 46123 | FC1: 46124 | FD1: 46125 | FE1: 46126 | FF1: 46127 | FG1: 2026/4/15人工 | FH1: 46128 | FI1: 46129 | FJ1: 46130 | FK1: 46131 | FL1: 46132 | FM1: 2026/4/20人工 | FN1: 46133 | FO1: 46134 | FP1: 46135 | FQ1: 46136 | FR1: 46137 | FS1: 46138 | FT1: 46139 | FU1: 2026/4/28人工 | FV1: 46141 | FW1: 46142 | FX1: 46143 | FY1: 46144 | FZ1: 46145 | GA1: 46146 | GB1: 46147 | GC1: 46148 | GD1: 46149 | GE1: 46150 | GF1: 46151 | GG1: 46152 | GH1: 46153 | GI1: 46154 | GJ1: 46155 | GK1: 46156
A2: YJGC1-1 | B2: 10.13745 | C2: 10.13737 | D2: 10.13732 | E2: 10.13743 | F2: 10.13741 | G2: 10.13744 | H2: 10.13744 | I2: 10.13744 | J2: 10.1373 | K2: 10.13746 | L2: 10.13735 | M2: 10.13734 | N2: 10.13734 | O2: 10.13734 | P2: 10.1402 | Q2: 10.14027 | R2: 10.139657 | S2: 10.13693 | T2: 10.13692 | U2: 10.13711 | V2: 10.13693 | W2: 10.1389 | X2: 10.13888 | Y2: 10.13888 | Z2: 10.13888 | AA2: 10.13859 | AB2: 10.1383 | AC2: 10.13831 | AD2: 10.13832 | AE2: 10.13871 | AF2: 10.1391 | AG2: 10.13912 | AH2: 10.13914 | AI2: 10.13942 | AJ2: 10.1397 | AK2: 10.13969 | AL2: 10.13966 | AM2: 10.1396 | AN2: 10.13953 | AO2: 10.13972 | AP2: 10.1399 | AQ2: 10.1401 | AR2: 10.13983 | AS2: 10.13992 | AT2: 10.13966 | AU2: 10.13974 | AV2: 10.13966 | AW2: 10.13949 | AX2: 10.13963 | AY2: 10.13952 | AZ2: 10.13971 | BA2: 10.13956 | BB2: 10.13944 | BC2: 10.13976 | BD2: 10.13964 | BE2: 10.1397 | BF2: 10.13955 | BG2: 10.13955 | BH2: 10.13955 | BI2: 10.13966 | BJ2: 10.13971 | BK2: 10.13967 | BL2: 10.13962 | BM2: 10.13972 | BN2: 10.13982 | BO2: 10.1398 | BP2: 10.13979 | BQ2: 10.13971 | BR2: 10.13987 | BS2: 10.13972 | BT2: 10.13973 | BU2: 10.13975 | BV2: 10.13977 | BW2: 10.13979 | BX2: 10.1398 | BY2: 10.13985 | BZ2: 10.1396 | CA2: 10.13944 | CB2: 10.13969 | CC2: 10.13968 | CD2: 10.13971 | CE2: 10.13976 | CF2: 10.13958 | CG2: 10.13967 | CH2: 10.13961 | CI2: 10.13969 | CJ2: 10.13949 | CK2: 10.13955 | CL2: 10.1396 | CM2: 10.13959 | CN2: 10.13966 | CO2: 10.13964 | CP2: 10.13956 | CQ2: 10.13949 | CR2: 10.13964 | CS2: 10.13948 | CT2: 10.13948 | CU2: 10.13956 | CV2: 10.13943 | CW2: 10.13953 | CX2: 10.1394 | CY2: 10.13943 | CZ2: 10.13949 | DA2: 10.13934 | DB2: 10.13972 | DC2: 10.1401 | DD2: 10.14006 | DE2: 10.14006 | DF2: 10.13994 | DG2: 10.13989 | DH2: 10.13973 | DI2: 10.13971 | DJ2: 10.13965 | DK2: 10.1397 | DL2: 10.1396 | DM2: 10.13963 | DN2: 10.13982 | DO2: 10.13968 | DP2: 10.13965 | DQ2: 10.13977 | DR2: 10.1397 | DS2: 10.1398 | DT2: 10.13975 | DU2: 10.13962 | DV2: 10.13971 | DW2: 10.13969 | DX2: 10.13988 | DY2: 10.13984 | EA2: YJGS1.1 | EB2: 10.2566 | EC2: 10.25645 | ED2: 10.25649 | EE2: 10.2566 | EF2: 10.25687 | EG2: 10.25668 | EH2: 10.25657 | EI2: 10.25687 | EJ2: 10.2572 | EK2: 10.25693 | EL2: 10.25656 | EM2: 10.13977 | EN2: 10.25684 | EO2: 10.2569 | EP2: 10.25699 | EQ2: 10.25715 | ER2: 10.25725 | ES2: 10.25681 | ET2: 10.13962 | EU2: 10.25628 | EV2: 10.25644 | EW2: 10.25659 | EX2: 10.25613 | EY2: 10.25612 | EZ2: 10.25572 | FA2: 10.1398 | FB2: 10.25604 | FC2: 10.2561 | FD2: 10.25644 | FE2: 10.25654 | FF2: 10.25656 | FG2: 10.13964 | FH2: 10.2565 | FI2: 10.25621 | FJ2: 10.25616 | FK2: 10.25633 | FL2: 10.25627 | FM2: 10.13971 | FN2: 10.25592 | FO2: 10.256 | FP2: 10.25597 | FQ2: 10.25594 | FR2: 10.25596 | FS2: 10.25603 | FT2: 10.25598 | FU2: 10.13969 | FV2: 10.25623 | FW2: 10.25621 | FX2: 10.13983 | FY2: 10.2559 | FZ2: 10.2559 | GA2: 10.25617 | GB2: 10.25607 | GC2: 10.2559 | GD2: 10.25603
A3: YJGC1-2 | B3: 10.2154 | C3: 10.21534 | D3: 10.21526 | E3: 10.21538 | F3: 10.21531 | G3: 10.21533 | H3: 10.21541 | I3: 10.21536 | J3: 10.21529 | K3: 10.21525 | L3: 10.21527 | M3: 10.21521 | N3: 10.21522 | O3: 10.21521 | P3: 10.2191 | Q3: 10.21909 | R3: 10.218613 | S3: 10.21625 | T3: 10.21613 | U3: 10.21641 | V3: 10.21628 | W3: 10.2185 | X3: 10.21866 | Y3: 10.2187 | Z3: 10.21873 | AA3: 10.21847 | AB3: 10.2182 | AC3: 10.2183 | AD3: 10.21839 | AE3: 10.21865 | AF3: 10.2189 | AG3: 10.219 | AH3: 10.21909 | AI3: 10.2195 | AJ3: 10.2199 | AK3: 10.21987 | AL3: 10.2197 | AM3: 10.21925 | AN3: 10.2188 | AO3: 10.21915 | AP3: 10.2195 | AQ3: 10.21954 | AR3: 10.21957 | AS3: 10.21947 | AT3: 10.21942 | AU3: 10.21952 | AV3: 10.21952 | AW3: 10.21958 | AX3: 10.2197 | AY3: 10.21972 | AZ3: 10.2196 | BA3: 10.2196 | BB3: 10.21986 | BC3: 10.21984 | BD3: 10.21967 | BE3: 10.21968 | BF3: 10.21957 | BG3: 10.21982 | BH3: 10.21993 | BI3: 10.2198 | BJ3: 10.21974 | BK3: 10.21972 | BL3: 10.21969 | BM3: 10.2196 | BN3: 10.21951 | BO3: 10.21947 | BP3: 10.21945 | BQ3: 10.21953 | BR3: 10.21965 | BS3: 10.21957 | BT3: 10.21965 | BU3: 10.21963 | BV3: 10.2196 | BW3: 10.21965 | BX3: 10.2197 | BY3: 10.21958 | BZ3: 10.2195 | CA3: 10.21948 | CB3: 10.21936 | CC3: 10.21917 | CD3: 10.21931 | CE3: 10.21938 | CF3: 10.21922 | CG3: 10.21908 | CH3: 10.21923 | CI3: 10.21907 | CJ3: 10.21923 | CK3: 10.21922 | CL3: 10.2192 | CM3: 10.21908 | CN3: 10.21912 | CO3: 10.21897 | CP3: 10.21904 | CQ3: 10.21896 | CR3: 10.21911 | CS3: 10.21887 | CT3: 10.21906 | CU3: 10.21889 | CV3: 10.21895 | CW3: 10.21911 | CX3: 10.21896 | CY3: 10.21898 | CZ3: 10.21891 | DA3: 10.21905 | DB3: 10.21953 | DC3: 10.22 | DD3: 10.21983 | DE3: 10.2199 | DF3: 10.21991 | DG3: 10.21984 | DH3: 10.21951 | DI3: 10.21969 | DJ3: 10.21955 | DK3: 10.21962 | DL3: 10.21943 | DM3: 10.21965 | DN3: 10.21956 | DO3: 10.21953 | DP3: 10.2196 | DQ3: 10.21951 | DR3: 10.21937 | DS3: 10.21942 | DT3: 10.21944 | DU3: 10.21955 | DV3: 10.21965 | DW3: 10.21965 | DX3: 10.21958 | DY3: 10.21943 | EA3: YJGS1.2 | EB3: 10.91831 | EC3: 10.91815 | ED3: 10.91844 | EE3: 10.91847 | EF3: 10.91876 | EG3: 10.9187 | EH3: 10.91877 | EI3: 10.91853 | EJ3: 10.91897 | EK3: 10.91856 | EL3: 10.91855 | EM3: 10.21963 | EN3: 10.91833 | EO3: 10.91853 | EP3: 10.9182 | EQ3: 10.91787 | ER3: 10.91824 | ES3: 10.91791 | ET3: 10.21942 | EU3: 10.91857 | EV3: 10.91861 | EW3: 10.91836 | EX3: 10.91795 | EY3: 10.918 | EZ3: 10.91759 | FA3: 10.21961 | FB3: 10.9178 | FC3: 10.91819 | FD3: 10.91845 | FE3: 10.9187 | FF3: 10.91839 | FG3: 10.21936 | FH3: 10.91867 | FI3: 10.91855 | FJ3: 10.91811 | FK3: 10.91821 | FL3: 10.91811 | FM3: 10.21938 | FN3: 10.91852 | FO3: 10.9189 | FP3: 10.91884 | FQ3: 10.91862 | FR3: 10.91844 | FS3: 10.91864 | FT3: 10.91845 | FU3: 10.21956 | FV3: 10.91821 | FW3: 10.9179 | FX3: 10.21938 | FY3: 10.9181 | FZ3: 10.91822 | GA3: 10.91793 | GB3: 10.91797 | GC3: 10.91822 | GD3: 10.91832
A4: YJGC2-1 | B4: 10.13865 | C4: 10.13853 | D4: 10.1385 | E4: 10.13864 | F4: 10.13859 | G4: 10.13863 | H4: 10.13851 | I4: 10.13864 | J4: 10.13862 | K4: 10.13856 | L4: 10.13857 | M4: 10.13845 | N4: 10.13847 | O4: 10.13845 | P4: 10.1424 | Q4: 10.14248 | R4: 10.141821 | S4: 10.13941 | T4: 10.13923 | U4: 10.13955 | V4: 10.13947 | W4: 10.1412 | X4: 10.14139 | Y4: 10.14138 | Z4: 10.14137 | AA4: 10.14129 | AB4: 10.1412 | AC4: 10.1413 | AD4: 10.14139 | AE4: 10.1416 | AF4: 10.1418 | AG4: 10.14177 | AH4: 10.14173 | AI4: 10.14202 | AJ4: 10.1423 | AK4: 10.14214 | AL4: 10.14222 | AM4: 10.14181 | AN4: 10.1414 | AO4: 10.14175 | AP4: 10.1421 | AQ4: 10.14219 | AR4: 10.14208 | AS4: 10.14209 | AT4: 10.14203 | AU4: 10.14212 | AV4: 10.14212 | AW4: 10.14221 | AX4: 10.14223 | AY4: 10.14238 | AZ4: 10.14212 | BA4: 10.14227 | BB4: 10.14231 | BC4: 10.14234 | BD4: 10.14211 | BE4: 10.14224 | BF4: 10.14216 | BG4: 10.14234 | BH4: 10.14242 | BI4: 10.14245 | BJ4: 10.14246 | BK4: 10.14247 | BL4: 10.14247 | BM4: 10.14252 | BN4: 10.14256 | BO4: 10.14204 | BP4: 10.14182 | BQ4: 10.14169 | BR4: 10.14187 | BS4: 10.14169 | BT4: 10.14191 | BU4: 10.14184 | BV4: 10.14177 | BW4: 10.14189 | BX4: 10.142 | BY4: 10.14195 | BZ4: 10.142 | CA4: 10.14198 | CB4: 10.14186 | CC4: 10.14167 | CD4: 10.14178 | CE4: 10.14171 | CF4: 10.14164 | CG4: 10.14159 | CH4: 10.14172 | CI4: 10.14156 | CJ4: 10.14159 | CK4: 10.14185 | CL4: 10.142 | CM4: 10.14203 | CN4: 10.14203 | CO4: 10.14192 | CP4: 10.14197 | CQ4: 10.14206 | CR4: 10.14196 | CS4: 10.1418 | CT4: 10.14188 | CU4: 10.14181 | CV4: 10.14181 | CW4: 10.14178 | CX4: 10.14202 | CY4: 10.14208 | CZ4: 10.1419 | DA4: 10.142 | DB4: 10.1423 | DC4: 10.1426 | DD4: 10.14255 | DE4: 10.14268 | DF4: 10.14248 | DG4: 10.1427 | DH4: 10.14296 | DI4: 10.14305 | DJ4: 10.14298 | DK4: 10.14293 | DL4: 10.14287 | DM4: 10.14303 | DN4: 10.14299 | DO4: 10.14286 | DP4: 10.14295 | DQ4: 10.14298 | DR4: 10.14291 | DS4: 10.14307 | DT4: 10.14299 | DU4: 10.14288 | DV4: 10.14309 | DW4: 10.14305 | DX4: 10.14284 | DY4: 10.14309 | EA4: YJGS2.1 | EB4: 10.0191 | EC4: 10.01925 | ED4: 10.01902 | EE4: 10.01889 | EF4: 10.01859 | EG4: 10.01845 | EH4: 10.01841 | EI4: 10.01841 | EJ4: 10.01867 | EK4: 10.01847 | EL4: 10.01871 | EM4: 10.14287 | EN4: 10.01931 | EO4: 10.01938 | EP4: 10.01924 | EQ4: 10.01932 | ER4: 10.01937 | ES4: 10.01909 | ET4: 10.14305 | EU4: 10.01857 | EV4: 10.01857 | EW4: 10.01877 | EX4: 10.01887 | EY4: 10.01889 | EZ4: 10.01851 | FA4: 10.14307 | FB4: 10.0186 | FC4: 10.01904 | FD4: 10.01907 | FE4: 10.01875 | FF4: 10.01874 | FG4: 10.14282 | FH4: 10.01865 | FI4: 10.01875 | FJ4: 10.01887 | FK4: 10.01875 | FL4: 10.01867 | FM4: 10.14306 | FN4: 10.01868 | FO4: 10.01871 | FP4: 10.01901 | FQ4: 10.01923 | FR4: 10.01948 | FS4: 10.01966 | FT4: 10.01979 | FU4: 10.14302 | FV4: 10.01939 | FW4: 10.01951 | FX4: 10.14283 | FY4: 10.01951 | FZ4: 10.01939 | GA4: 10.01932 | GB4: 10.01959 | GC4: 10.01939 | GD4: 10.01948
A5: YJGC2-2 | B5: 10.2084 | C5: 10.2083 | D5: 10.20826 | E5: 10.20838 | F5: 10.20832 | G5: 10.2083 | H5: 10.20826 | I5: 10.20833 | J5: 10.20834 | K5: 10.20836 | L5: 10.20834 | M5: 10.20829 | N5: 10.2084 | O5: 10.20829 | P5: 10.2125 | Q5: 10.21253 | R5: 10.212176 | S5: 10.20979 | T5: 10.20978 | U5: 10.2098 | V5: 10.20975 | W5: 10.2116 | X5: 10.21176 | Y5: 10.21182 | Z5: 10.21187 | AA5: 10.21174 | AB5: 10.2116 | AC5: 10.21162 | AD5: 10.21163 | AE5: 10.21192 | AF5: 10.2122 | AG5: 10.21224 | AH5: 10.21227 | AI5: 10.21249 | AJ5: 10.2127 | AK5: 10.21255 | AL5: 10.21286 | AM5: 10.21238 | AN5: 10.2119 | AO5: 10.21225 | AP5: 10.2126 | AQ5: 10.21241 | AR5: 10.21264 | AS5: 10.21254 | AT5: 10.21252 | AU5: 10.21271 | AV5: 10.21265 | AW5: 10.21272 | AX5: 10.21253 | AY5: 10.21247 | AZ5: 10.21264 | BA5: 10.21238 | BB5: 10.21252 | BC5: 10.21264 | BD5: 10.21246 | BE5: 10.21255 | BF5: 10.21246 | BG5: 10.21249 | BH5: 10.2125 | BI5: 10.21262 | BJ5: 10.21267 | BK5: 10.21261 | BL5: 10.21254 | BM5: 10.21257 | BN5: 10.2126 | BO5: 10.21253 | BP5: 10.2125 | BQ5: 10.21231 | BR5: 10.21262 | BS5: 10.21272 | BT5: 10.21264 | BU5: 10.21263 | BV5: 10.21262 | BW5: 10.21271 | BX5: 10.2128 | BY5: 10.21272 | BZ5: 10.2127 | CA5: 10.21251 | CB5: 10.2127 | CC5: 10.21271 | CD5: 10.21269 | CE5: 10.21276 | CF5: 10.21252 | CG5: 10.21251 | CH5: 10.21241 | CI5: 10.21238 | CJ5: 10.21231 | CK5: 10.21281 | CL5: 10.2133 | CM5: 10.21324 | CN5: 10.21338 | CO5: 10.21333 | CP5: 10.21334 | CQ5: 10.2133 | CR5: 10.21327 | CS5: 10.21315 | CT5: 10.21328 | CU5: 10.21338 | CV5: 10.21334 | CW5: 10.21328 | CX5: 10.21319 | CY5: 10.21302 | CZ5: 10.21308 | DA5: 10.21295 | DB5: 10.21298 | DC5: 10.213 | DD5: 10.21305 | DE5: 10.2128 | DF5: 10.21268 | DG5: 10.21289 | DH5: 10.21329 | DI5: 10.21339 | DJ5: 10.2134 | DK5: 10.21316 | DL5: 10.21323 | DM5: 10.21314 | DN5: 10.21343 | DO5: 10.21319 | DP5: 10.21321 | DQ5: 10.21334 | DR5: 10.21329 | DS5: 10.21338 | DT5: 10.21314 | DU5: 10.21329 | DV5: 10.21332 | DW5: 10.21338 | DX5: 10.21325 | DY5: 10.21325 | EA5: YJGS2.2 | EB5: 10.58664 | EC5: 10.58629 | ED5: 10.58652 | EE5: 10.58673 | EF5: 10.58636 | EG5: 10.58615 | EH5: 10.58642 | EI5: 10.58631 | EJ5: 10.58624 | EK5: 10.58616 | EL5: 10.58641 | EM5: 10.2133 | EN5: 10.58598 | EO5: 10.58637 | EP5: 10.58664 | EQ5: 10.58633 | ER5: 10.58604 | ES5: 10.58636 | ET5: 10.21328 | EU5: 10.58694 | EV5: 10.58669 | EW5: 10.58691 | EX5: 10.58696 | EY5: 10.58663 | EZ5: 10.58625 | FA5: 10.21344 | FB5: 10.58653 | FC5: 10.58673 | FD5: 10.58705 | FE5: 10.58708 | FF5: 10.58717 | FG5: 10.21323 | FH5: 10.58717 | FI5: 10.58681 | FJ5: 10.5868 | FK5: 10.5867 | FL5: 10.58639 | FM5: 10.21328 | FN5: 10.586 | FO5: 10.58623 | FP5: 10.58613 | FQ5: 10.58626 | FR5: 10.58626 | FS5: 10.58664 | FT5: 10.58663 | FU5: 10.21321 | FV5: 10.58689 | FW5: 10.58669 | FX5: 10.21323 | FY5: 10.58684 | FZ5: 10.58689 | GA5: 10.58689 | GB5: 10.58675 | GC5: 10.58689 | GD5: 10.58726
A6: YJGC3-1 | B6: 10.16845 | C6: 10.16843 | D6: 10.16845 | E6: 10.16833 | F6: 10.16845 | G6: 10.16831 | H6: 10.16843 | I6: 10.16833 | J6: 10.16838 | K6: 10.16841 | L6: 10.16845 | M6: 10.16838 | N6: 10.16854 | O6: 10.16838 | P6: 10.1725 | Q6: 10.17255 | R6: 10.172001 | S6: 10.16973 | T6: 10.16966 | U6: 10.16984 | V6: 10.16979 | W6: 10.1719 | X6: 10.17198 | Y6: 10.17187 | Z6: 10.17175 | AA6: 10.17163 | AB6: 10.1715 | AC6: 10.17158 | AD6: 10.17166 | AE6: 10.17193 | AF6: 10.1722 | AG6: 10.17217 | AH6: 10.17213 | AI6: 10.17217 | AJ6: 10.1722 | AK6: 10.17232 | AL6: 10.17234 | AM6: 10.17228 | AN6: 10.17222 | AO6: 10.17246 | AP6: 10.1727 | AQ6: 10.17284 | AR6: 10.17289 | AS6: 10.17277 | AT6: 10.17305 | AU6: 10.17302 | AV6: 10.17317 | AW6: 10.17315 | AX6: 10.17314 | AY6: 10.17314 | AZ6: 10.17309 | BA6: 10.17295 | BB6: 10.17322 | BC6: 10.17322 | BD6: 10.17331 | BE6: 10.1731 | BF6: 10.17324 | BG6: 10.17325 | BH6: 10.17325 | BI6: 10.17336 | BJ6: 10.1734 | BK6: 10.17333 | BL6: 10.17326 | BM6: 10.17317 | BN6: 10.17308 | BO6: 10.17301 | BP6: 10.17298 | BQ6: 10.17299 | BR6: 10.17283 | BS6: 10.1727 | BT6: 10.17292 | BU6: 10.17289 | BV6: 10.17286 | BW6: 10.17288 | BX6: 10.1729 | BY6: 10.17289 | BZ6: 10.17294 | CA6: 10.17301 | CB6: 10.17298 | CC6: 10.17295 | CD6: 10.17305 | CE6: 10.17297 | CF6: 10.17286 | CG6: 10.17285 | CH6: 10.17275 | CI6: 10.17259 | CJ6: 10.17282 | CK6: 10.17321 | CL6: 10.1736 | CM6: 10.17351 | CN6: 10.17356 | CO6: 10.17359 | CP6: 10.17344 | CQ6: 10.17339 | CR6: 10.1734 | CS6: 10.17348 | CT6: 10.17347 | CU6: 10.17349 | CV6: 10.17325 | CW6: 10.17345 | CX6: 10.17335 | CY6: 10.17338 | CZ6: 10.17324 | DA6: 10.17346 | DB6: 10.17333 | DC6: 10.1732 | DD6: 10.17313 | DE6: 10.17306 | DF6: 10.17289 | DG6: 10.17303 | DH6: 10.17267 | DI6: 10.17282 | DJ6: 10.17281 | DK6: 10.17255 | DL6: 10.1726 | DM6: 10.17267 | DN6: 10.17268 | DO6: 10.1727 | DP6: 10.17261 | DQ6: 10.17276 | DR6: 10.17269 | DS6: 10.17281 | DT6: 10.17258 | DU6: 10.17281 | DV6: 10.17281 | DW6: 10.17281 | DX6: 10.17271 | DY6: 10.17264 | EA6: YJGS3.1 | EB6: 10.42404 | EC6: 10.42372 | ED6: 10.42387 | EE6: 10.42401 | EF6: 10.42441 | EG6: 10.42441 | EH6: 10.42464 | EI6: 10.4249 | EJ6: 10.42462 | EK6: 10.4245 | EL6: 10.42411 | EM6: 10.1728 | EN6: 10.42406 | EO6: 10.42385 | EP6: 10.42379 | EQ6: 10.42345 | ER6: 10.42346 | ES6: 10.42336 | ET6: 10.17268 | EU6: 10.42412 | EV6: 10.42424 | EW6: 10.42444 | EX6: 10.42417 | EY6: 10.42393 | EZ6: 10.4236 | FA6: 10.1728 | FB6: 10.42363 | FC6: 10.42395 | FD6: 10.42399 | FE6: 10.42368 | FF6: 10.424 | FG6: 10.17275 | FH6: 10.42368 | FI6: 10.42357 | FJ6: 10.42372 | FK6: 10.42367 | FL6: 10.4241 | FM6: 10.17253 | FN6: 10.42381 | FO6: 10.42347 | FP6: 10.4238 | FQ6: 10.42404 | FR6: 10.4242 | FS6: 10.42445 | FT6: 10.424 | FU6: 10.1727 | FV6: 10.42422 | FW6: 10.42416 | FX6: 10.17279 | FY6: 10.42441 | FZ6: 10.42434 | GA6: 10.42435 | GB6: 10.42424 | GC6: 10.42434 | GD6: 10.42448
A7: YJGC3-2 | B7: 10.3201 | C7: 10.32001 | D7: 10.3201 | E7: 10.32008 | F7: 10.32005 | G7: 10.31997 | H7: 10.32 | I7: 10.32011 | J7: 10.32009 | K7: 10.32003 | L7: 10.32006 | M7: 10.32004 | N7: 10.32035 | O7: 10.32004 | P7: 10.3244 | Q7: 10.32444 | R7: 10.324147 | S7: 10.32212 | T7: 10.32198 | U7: 10.32203 | V7: 10.32206 | W7: 10.3243 | X7: 10.32441 | Y7: 10.32456 | Z7: 10.3247 | AA7: 10.3244 | AB7: 10.3241 | AC7: 10.32406 | AD7: 10.32401 | AE7: 10.32446 | AF7: 10.3249 | AG7: 10.32486 | AH7: 10.32481 | AI7: 10.32501 | AJ7: 10.3252 | AK7: 10.32519 | AL7: 10.32538 | AM7: 10.32534 | AN7: 10.3253 | AO7: 10.32515 | AP7: 10.325 | AQ7: 10.32512 | AR7: 10.32486 | AS7: 10.32485 | AT7: 10.32473 | AU7: 10.32482 | AV7: 10.32489 | AW7: 10.32496 | AX7: 10.32505 | AY7: 10.32485 | AZ7: 10.325 | BA7: 10.32518 | BB7: 10.32503 | BC7: 10.32509 | BD7: 10.32502 | BE7: 10.32518 | BF7: 10.32487 | BG7: 10.32486 | BH7: 10.32485 | BI7: 10.32474 | BJ7: 10.32469 | BK7: 10.32471 | BL7: 10.32472 | BM7: 10.3248 | BN7: 10.32488 | BO7: 10.32522 | BP7: 10.32536 | BQ7: 10.32517 | BR7: 10.32541 | BS7: 10.32523 | BT7: 10.3255 | BU7: 10.32546 | BV7: 10.32541 | BW7: 10.32541 | BX7: 10.3254 | BY7: 10.32545 | BZ7: 10.32534 | CA7: 10.32517 | CB7: 10.3252 | CC7: 10.32504 | CD7: 10.32515 | CE7: 10.32498 | CF7: 10.32523 | CG7: 10.3251 | CH7: 10.32528 | CI7: 10.3252 | CJ7: 10.3252 | CK7: 10.32545 | CL7: 10.3257 | CM7: 10.32562 | CN7: 10.32575 | CO7: 10.32578 | CP7: 10.3257 | CQ7: 10.32569 | CR7: 10.32557 | CS7: 10.32574 | CT7: 10.32558 | CU7: 10.32574 | CV7: 10.3255 | CW7: 10.32557 | CX7: 10.32573 | CY7: 10.32566 | CZ7: 10.32554 | DA7: 10.32553 | DB7: 10.32552 | DC7: 10.3255 | DD7: 10.32534 | DE7: 10.32535 | DF7: 10.32528 | DG7: 10.32527 | DH7: 10.32512 | DI7: 10.32502 | DJ7: 10.32515 | DK7: 10.3251 | DL7: 10.32522 | DM7: 10.32521 | DN7: 10.32515 | DO7: 10.32523 | DP7: 10.32513 | DQ7: 10.32519 | DR7: 10.32516 | DS7: 10.32518 | DT7: 10.32497 | DU7: 10.32505 | DV7: 10.32505 | DW7: 10.32522 | DX7: 10.32508 | DY7: 10.32517 | EA7: YJGS3.2 | EB7: 10.94025 | EC7: 10.94008 | EE7: 10.9398 | EF7: 10.93999 | EG7: 10.94037 | EH7: 10.94024 | EI7: 10.94013 | EJ7: 10.94007 | EK7: 10.94049 | EM7: 10.32512 | EN7: 10.94038 | EO7: 10.94013 | EP7: 10.94047 | EQ7: 10.9403 | ER7: 10.94033 | ES7: 10.93994 | ET7: 10.32503 | EU7: 10.93992 | EV7: 10.93977 | EW7: 10.93983 | EX7: 10.94014 | EY7: 10.94034 | EZ7: 10.94031 | FA7: 10.32504 | FB7: 10.94038 | FC7: 10.94046 | FD7: 10.94023 | FE7: 10.93979 | FF7: 10.93992 | FG7: 10.32498 | FH7: 10.93987 | FI7: 10.93976 | FJ7: 10.93998 | FK7: 10.94002 | FL7: 10.9399 | FM7: 10.32505 | FN7: 10.93978 | FO7: 10.93976 | FP7: 10.93976 | FQ7: 10.93993 | FR7: 10.93996 | FS7: 10.93977 | FT7: 10.93961 | FU7: 10.32515 | FV7: 10.93973 | FW7: 10.93977 | FX7: 10.32514 | FY7: 10.93958 | FZ7: 10.93962 | GA7: 10.93967 | GB7: 10.9397 | GC7: 10.93962 | GD7: 10.93991
A8: YJGC4-1 | B8: 10.18645 | C8: 10.1863 | D8: 10.18635 | E8: 10.18637 | F8: 10.18634 | G8: 10.1863 | H8: 10.18634 | I8: 10.18635 | J8: 10.18631 | K8: 10.18634 | L8: 10.18639 | M8: 10.18624 | N8: 10.18636 | O8: 10.18624 | P8: 10.1905 | Q8: 10.19045 | R8: 10.189984 | S8: 10.18805 | T8: 10.18794 | U8: 10.18825 | V8: 10.1881 | W8: 10.1902 | X8: 10.19028 | Y8: 10.19031 | Z8: 10.19034 | AA8: 10.18997 | AB8: 10.1896 | AC8: 10.18964 | AD8: 10.18967 | AE8: 10.18984 | AF8: 10.19 | AG8: 10.19008 | AH8: 10.19015 | AI8: 10.19053 | AJ8: 10.1909 | AK8: 10.19108 | AL8: 10.19073 | AM8: 10.19075 | AN8: 10.19076 | AO8: 10.19093 | AP8: 10.1911 | AQ8: 10.19127 | AR8: 10.19096 | AS8: 10.19089 | AT8: 10.19106 | AU8: 10.19089 | AV8: 10.19116 | AW8: 10.19097 | AX8: 10.19115 | AY8: 10.19123 | AZ8: 10.19121 | BA8: 10.19116 | BB8: 10.19113 | BC8: 10.19102 | BD8: 10.1911 | BE8: 10.19126 | BF8: 10.19097 | BG8: 10.19114 | BH8: 10.19121 | BI8: 10.19129 | BJ8: 10.19133 | BK8: 10.19131 | BL8: 10.19128 | BM8: 10.19137 | BN8: 10.19145 | BO8: 10.19151 | BP8: 10.19154 | BQ8: 10.19169 | BR8: 10.19166 | BS8: 10.19168 | BT8: 10.19169 | BU8: 10.19162 | BV8: 10.19154 | BW8: 10.19132 | BX8: 10.1911 | BY8: 10.19097 | BZ8: 10.19118 | CA8: 10.19099 | CB8: 10.1911 | CC8: 10.1911 | CD8: 10.19116 | CE8: 10.19097 | CF8: 10.19111 | CG8: 10.19093 | CH8: 10.19118 | CI8: 10.19111 | CJ8: 10.19115 | CK8: 10.19148 | CL8: 10.1916 | CM8: 10.19148 | CN8: 10.19156 | CO8: 10.19153 | CP8: 10.19137 | CQ8: 10.19132 | CR8: 10.19125 | CS8: 10.1913 | CT8: 10.19119 | CU8: 10.19146 | CV8: 10.19142 | CW8: 10.19133 | CX8: 10.19117 | CY8: 10.19117 | CZ8: 10.19108 | DA8: 10.19114 | DB8: 10.19122 | DC8: 10.1913 | DD8: 10.19119 | DE8: 10.1912 | DF8: 10.19121 | DG8: 10.19126 | DH8: 10.19097 | DI8: 10.19096 | DJ8: 10.19086 | DK8: 10.19105 | DL8: 10.19107 | DM8: 10.19096 | DN8: 10.19086 | DO8: 10.1911 | DP8: 10.19101 | DQ8: 10.19099 | DR8: 10.19085 | DS8: 10.19107 | DT8: 10.19089 | DU8: 10.19093 | DV8: 10.1909 | DW8: 10.19109 | DX8: 10.19098 | DY8: 10.19084 | EA8: YJGS4.1 | EB8: 10.29549 | EC8: 10.29548 | ED8: 10.2952 | EE8: 10.29524 | EF8: 10.29558 | EG8: 10.29598 | EH8: 10.29579 | EI8: 10.29553 | EJ8: 10.29576 | EK8: 10.29581 | EL8: 10.2957 | EM8: 10.19104 | EN8: 10.29494 | EO8: 10.29508 | EP8: 10.29541 | EQ8: 10.29512 | ER8: 10.29523 | ES8: 10.29489 | ET8: 10.19083 | EU8: 10.29484 | EV8: 10.29485 | EW8: 10.29489 | EX8: 10.29486 | EY8: 10.29524 | EZ8: 10.29531 | FA8: 10.191 | FB8: 10.29564 | FC8: 10.29537 | FD8: 10.2956 | FE8: 10.29586 | FF8: 10.29602 | FG8: 10.19084 | FH8: 10.29594 | FI8: 10.296 | FJ8: 10.29562 | FK8: 10.29607 | FL8: 10.29605 | FM8: 10.19111 | FN8: 10.29598 | FO8: 10.29581 | FP8: 10.29588 | FQ8: 10.29589 | FR8: 10.29583 | FS8: 10.29556 | FT8: 10.2958 | FU8: 10.1911 | FV8: 10.29566 | FW8: 10.29564 | FX8: 10.19096 | FY8: 10.29564 | FZ8: 10.29578 | GA8: 10.29569 | GB8: 10.29603 | GC8: 10.29578 | GD8: 10.29575
A9: YJGC4-2 | B9: 10.35755 | C9: 10.35747 | D9: 10.35749 | E9: 10.3575 | F9: 10.35749 | G9: 10.35744 | H9: 10.35754 | I9: 10.35743 | J9: 10.35741 | K9: 10.35754 | L9: 10.35748 | M9: 10.35743 | N9: 10.35758 | O9: 10.35743 | P9: 10.3611 | Q9: 10.36124 | R9: 10.3612 | S9: 10.35911 | T9: 10.35909 | U9: 10.35917 | V9: 10.35905 | W9: 10.361 | X9: 10.36096 | Y9: 10.36099 | Z9: 10.36102 | AA9: 10.36081 | AB9: 10.3606 | AC9: 10.36085 | AD9: 10.3611 | AE9: 10.36115 | AF9: 10.3612 | AG9: 10.36117 | AH9: 10.36114 | AI9: 10.36147 | AJ9: 10.3618 | AK9: 10.3618 | AL9: 10.36162 | AM9: 10.36155 | AN9: 10.36148 | AO9: 10.36179 | AP9: 10.3621 | AQ9: 10.36218 | AR9: 10.36198 | AS9: 10.36192 | AT9: 10.36208 | AU9: 10.36226 | AV9: 10.3621 | AW9: 10.36206 | AX9: 10.36228 | AY9: 10.36214 | AZ9: 10.36218 | BA9: 10.36237 | BB9: 10.36213 | BC9: 10.36215 | BD9: 10.36234 | BE9: 10.36209 | BF9: 10.36232 | BG9: 10.36226 | BH9: 10.36223 | BI9: 10.36216 | BJ9: 10.36213 | BK9: 10.36207 | BL9: 10.362 | BM9: 10.36201 | BN9: 10.36201 | BO9: 10.36223 | BP9: 10.36233 | BQ9: 10.36226 | BR9: 10.36238 | BS9: 10.36224 | BT9: 10.36219 | BU9: 10.36214 | BV9: 10.36209 | BW9: 10.3622 | BX9: 10.3623 | BY9: 10.36224 | BZ9: 10.3623 | CA9: 10.3624 | CB9: 10.36214 | CC9: 10.36201 | CD9: 10.36217 | CE9: 10.362 | CF9: 10.36209 | CG9: 10.36206 | CH9: 10.36192 | CI9: 10.36184 | CJ9: 10.36198 | CK9: 10.36229 | CL9: 10.3626 | CM9: 10.36259 | CN9: 10.36257 | CO9: 10.36256 | CP9: 10.3625 | CQ9: 10.36237 | CR9: 10.36249 | CS9: 10.36248 | CT9: 10.36239 | CU9: 10.36245 | CV9: 10.36238 | CW9: 10.36242 | CX9: 10.36256 | CY9: 10.36247 | CZ9: 10.36244 | DA9: 10.36229 | DB9: 10.3623 | DC9: 10.3623 | DD9: 10.36214 | DE9: 10.3624 | DF9: 10.36244 | DG9: 10.36232 | DH9: 10.36242 | DI9: 10.3623 | DJ9: 10.36253 | DK9: 10.36243 | DL9: 10.3624 | DM9: 10.3624 | DN9: 10.3623 | DO9: 10.36238 | DP9: 10.3623 | DQ9: 10.36255 | DR9: 10.36233 | DS9: 10.36256 | DT9: 10.36249 | DU9: 10.36248 | DV9: 10.36254 | DW9: 10.36233 | DX9: 10.36239 | DY9: 10.36233 | EA9: YJGS4.2 | EB9: 10.72995 | EC9: 10.72988 | ED9: 10.72971 | EE9: 10.72981 | EF9: 10.72991 | EG9: 10.72947 | EH9: 10.72942 | EI9: 10.72925 | EJ9: 10.72963 | EK9: 10.73005 | EL9: 10.7305 | EM9: 10.36237 | EN9: 10.73057 | EO9: 10.73054 | EP9: 10.73037 | EQ9: 10.73055 | ER9: 10.7306 | ES9: 10.73064 | ET9: 10.36228 | EU9: 10.73011 | EV9: 10.72989 | EW9: 10.72982 | EX9: 10.73016 | EY9: 10.73006 | EZ9: 10.73053 | FA9: 10.36251 | FB9: 10.7304 | FC9: 10.73058 | FD9: 10.7303 | FE9: 10.7303 | FF9: 10.72994 | FG9: 10.3624 | FH9: 10.73018 | FI9: 10.73033 | FJ9: 10.73011 | FK9: 10.72976 | FL9: 10.73015 | FM9: 10.36256 | FN9: 10.73055 | FO9: 10.73049 | FP9: 10.73044 | FQ9: 10.73047 | FR9: 10.73044 | FS9: 10.73026 | FT9: 10.73014 | FU9: 10.3625 | FV9: 10.72981 | FW9: 10.73014 | FX9: 10.36243 | FY9: 10.73048 | FZ9: 10.73049 | GA9: 10.73022 | GB9: 10.73031 | GC9: 10.73049 | GD9: 10.73007
A10: YJGC5-1 | B10: 10.21965 | C10: 10.21965 | D10: 10.21966 | E10: 10.21964 | F10: 10.21951 | G10: 10.21951 | H10: 10.21958 | I10: 10.21956 | J10: 10.21963 | K10: 10.21965 | L10: 10.21951 | M10: 10.21942 | N10: 10.21964 | O10: 10.21942 | P10: 10.22385 | Q10: 10.22389 | R10: 10.223961 | S10: 10.22208 | T10: 10.22189 | U10: 10.22201 | V10: 10.22201 | W10: 10.2241 | X10: 10.22423 | Y10: 10.22423 | Z10: 10.22422 | AA10: 10.22396 | AB10: 10.2237 | AC10: 10.22366 | AD10: 10.22361 | AE10: 10.22446 | AF10: 10.2253 | AG10: 10.22535 | AH10: 10.22539 | AI10: 10.22515 | AJ10: 10.2249 | AK10: 10.22496 | AL10: 10.22478 | AM10: 10.22471 | AN10: 10.22463 | AO10: 10.22482 | AP10: 10.225 | AQ10: 10.22504 | AR10: 10.22513 | AS10: 10.225 | AT10: 10.22527 | AU10: 10.22527 | AV10: 10.22546 | AW10: 10.22551 | AX10: 10.22545 | AY10: 10.22526 | AZ10: 10.22539 | BA10: 10.22538 | BB10: 10.22562 | BC10: 10.22541 | BD10: 10.2253 | BE10: 10.22541 | BF10: 10.22549 | BG10: 10.22541 | BH10: 10.22538 | BI10: 10.22544 | BJ10: 10.22546 | BK10: 10.22548 | BL10: 10.2255 | BM10: 10.22548 | BN10: 10.22546 | BO10: 10.22563 | BP10: 10.2257 | BQ10: 10.22557 | BR10: 10.22563 | BS10: 10.22552 | BT10: 10.2256 | BU10: 10.22558 | BV10: 10.22555 | BW10: 10.22528 | BX10: 10.225 | BY10: 10.22509 | BZ10: 10.22494 | CA10: 10.22483 | CB10: 10.22494 | CC10: 10.22483 | CD10: 10.22483 | CE10: 10.22472 | CF10: 10.22489 | CG10: 10.22499 | CH10: 10.22475 | CI10: 10.22476 | CJ10: 10.22466 | CK10: 10.22493 | CL10: 10.2254 | CM10: 10.22522 | CN10: 10.22526 | CO10: 10.22514 | CP10: 10.22516 | CQ10: 10.22513 | CR10: 10.22499 | CS10: 10.22515 | CT10: 10.22526 | CU10: 10.22521 | CV10: 10.22521 | CW10: 10.2251 | CX10: 10.22502 | CY10: 10.22501 | CZ10: 10.22508 | DA10: 10.22495 | DB10: 10.22518 | DC10: 10.2253 | DD10: 10.22525 | DE10: 10.22537 | DF10: 10.22543 | DG10: 10.22546 | DH10: 10.22519 | DI10: 10.22512 | DJ10: 10.22525 | DK10: 10.22511 | DL10: 10.22534 | DM10: 10.22517 | DN10: 10.22509 | DO10: 10.22534 | DP10: 10.22517 | DQ10: 10.22519 | DR10: 10.22526 | DS10: 10.22517 | DT10: 10.22528 | DU10: 10.22515 | DV10: 10.22522 | DW10: 10.22527 | DX10: 10.22528 | DY10: 10.22515 | EA10: YJGS5.1 | EB10: 10.47343 | EC10: 10.47332 | ED10: 10.47304 | EE10: 10.4733 | EF10: 10.47326 | EG10: 10.47316 | EH10: 10.47299 | EI10: 10.47344 | EJ10: 10.47353 | EK10: 10.47388 | EL10: 10.47403 | EM10: 10.2252 | EN10: 10.4737 | EO10: 10.47356 | EP10: 10.47391 | EQ10: 10.47376 | ER10: 10.47364 | ES10: 10.47373 | ET10: 10.22511 | EU10: 10.47405 | EV10: 10.47389 | EW10: 10.47399 | EX10: 10.47386 | EY10: 10.47368 | EZ10: 10.47375 | FA10: 10.22519 | FB10: 10.47412 | FC10: 10.47389 | FD10: 10.47362 | FE10: 10.47338 | FF10: 10.47349 | FG10: 10.22531 | FH10: 10.4736 | FI10: 10.47334 | FJ10: 10.47348 | FK10: 10.47373 | FL10: 10.47412 | FM10: 10.22515 | FN10: 10.47388 | FO10: 10.47356 | FP10: 10.47354 | FQ10: 10.47327 | FR10: 10.47332 | FS10: 10.47303 | FT10: 10.47327 | FU10: 10.22517 | FV10: 10.47353 | FW10: 10.47338 | FX10: 10.22507 | FY10: 10.47317 | FZ10: 10.47282 | GA10: 10.47308 | GB10: 10.47306 | GC10: 10.47282 | GD10: 10.47323
A11: YJGC5-2 | B11: 10.34565 | C11: 10.34557 | D11: 10.34552 | E11: 10.34558 | F11: 10.34554 | G11: 10.34558 | H11: 10.34555 | I11: 10.34565 | J11: 10.34557 | K11: 10.34553 | L11: 10.34562 | M11: 10.34548 | N11: 10.34561 | O11: 10.34548 | P11: 10.34985 | Q11: 10.3499 | R11: 10.349482 | S11: 10.3486 | T11: 10.3484 | U11: 10.34863 | V11: 10.3485 | W11: 10.3503 | X11: 10.35033 | Y11: 10.35042 | Z11: 10.35051 | AA11: 10.35026 | AB11: 10.35 | AC11: 10.34995 | AD11: 10.3499 | AE11: 10.3507 | AF11: 10.3515 | AG11: 10.35157 | AH11: 10.35163 | AI11: 10.35152 | AJ11: 10.3514 | AK11: 10.35134 | AL11: 10.35133 | AM11: 10.35135 | AN11: 10.35137 | AO11: 10.35134 | AP11: 10.3513 | AQ11: 10.35126 | AR11: 10.35149 | AS11: 10.35167 | AT11: 10.35168 | AU11: 10.35154 | AV11: 10.3517 | AW11: 10.35164 | AX11: 10.35175 | AY11: 10.35165 | AZ11: 10.35171 | BA11: 10.3516 | BB11: 10.35171 | BC11: 10.35175 | BD11: 10.35192 | BE11: 10.3519 | BF11: 10.35192 | BG11: 10.35174 | BH11: 10.35166 | BI11: 10.35168 | BJ11: 10.35169 | BK11: 10.35168 | BL11: 10.35167 | BM11: 10.35176 | BN11: 10.35185 | BO11: 10.35182 | BP11: 10.3518 | BQ11: 10.3516 | BR11: 10.35194 | BS11: 10.35183 | BT11: 10.35184 | BU11: 10.35181 | BV11: 10.35178 | BW11: 10.35169 | BX11: 10.3516 | BY11: 10.3515 | BZ11: 10.3514 | CA11: 10.35134 | CB11: 10.35149 | CC11: 10.3514 | CD11: 10.3515 | CE11: 10.35141 | CF11: 10.35154 | CG11: 10.3516 | CH11: 10.35135 | CI11: 10.35123 | CJ11: 10.35129 | CK11: 10.35155 | CL11: 10.3518 | CM11: 10.35175 | CN11: 10.35167 | CO11: 10.35165 | CP11: 10.35148 | CQ11: 10.35149 | CR11: 10.35135 | CS11: 10.35158 | CT11: 10.35129 | CU11: 10.35131 | CV11: 10.3514 | CW11: 10.35135 | CX11: 10.35134 | CY11: 10.35123 | CZ11: 10.3512 | DA11: 10.35123 | DB11: 10.3517 | DC11: 10.3521 | DD11: 10.352 | DE11: 10.35204 | DF11: 10.35202 | DG11: 10.35213 | DH11: 10.35233 | DI11: 10.35231 | DJ11: 10.35248 | DK11: 10.35233 | DL11: 10.35239 | DM11: 10.35244 | DN11: 10.35238 | DO11: 10.35244 | DP11: 10.35222 | DQ11: 10.35237 | DR11: 10.35235 | DS11: 10.35225 | DT11: 10.35248 | DU11: 10.35222 | DV11: 10.3522 | DW11: 10.35235 | DX11: 10.35236 | DY11: 10.3524 | EA11: YJGS5.2 | EB11: 11.08903 | EC11: 11.08881 | ED11: 11.08885 | EE11: 11.08886 | EF11: 11.08934 | EG11: 11.08951 | EH11: 11.08953 | EI11: 11.08917 | EJ11: 11.08881 | EK11: 11.08895 | EL11: 11.08933 | EM11: 10.35244 | EN11: 11.08866 | EO11: 11.08898 | EP11: 11.08926 | EQ11: 11.08891 | ER11: 11.0886 | ES11: 11.08849 | ET11: 10.35235 | EU11: 11.08834 | EV11: 11.08843 | EW11: 11.0885 | EX11: 11.08872 | EY11: 11.0888 | EZ11: 11.08897 | FA11: 10.35221 | FB11: 11.08904 | FC11: 11.08858 | FD11: 11.0888 | FE11: 11.08859 | FF11: 11.08843 | FG11: 10.35221 | FH11: 11.08879 | FI11: 11.0891 | FJ11: 11.08914 | FK11: 11.08918 | FL11: 11.08935 | FM11: 10.35247 | FN11: 11.08948 | FO11: 11.08967 | FP11: 11.08933 | FQ11: 11.08898 | FR11: 11.08879 | FS11: 11.08866 | FT11: 11.08857 | FU11: 10.35226 | FV11: 11.08894 | FW11: 11.08855 | FX11: 10.35241 | FY11: 11.08874 | FZ11: 11.08872 | GA11: 11.08883 | GB11: 11.08865 | GC11: 11.08872
A12: YJGC6-1 | B12: 10.2198 | C12: 10.2198 | D12: 10.21978 | E12: 10.21972 | F12: 10.21972 | G12: 10.21974 | H12: 10.21978 | I12: 10.21974 | J12: 10.21971 | K12: 10.2197 | L12: 10.21968 | M12: 10.21953 | N12: 10.21989 | O12: 10.21953 | P12: 10.2239 | Q12: 10.22387 | R12: 10.223569 | S12: 10.22205 | T12: 10.22192 | U12: 10.22198 | V12: 10.222 | W12: 10.2233 | X12: 10.22348 | Y12: 10.22354 | Z12: 10.2236 | AA12: 10.22325 | AB12: 10.2229 | AC12: 10.2229 | AD12: 10.2229 | AE12: 10.2239 | AF12: 10.2249 | AG12: 10.2244 | AH12: 10.2239 | AI12: 10.2241 | AJ12: 10.2243 | AK12: 10.22435 | AL12: 10.22446 | AM12: 10.22449 | AN12: 10.22452 | AO12: 10.22461 | AP12: 10.2247 | AQ12: 10.22486 | AR12: 10.22475 | AS12: 10.22459 | AT12: 10.22492 | AU12: 10.22498 | AV12: 10.225 | AW12: 10.22501 | AX12: 10.22481 | AY12: 10.22476 | AZ12: 10.22482 | BA12: 10.22473 | BB12: 10.22474 | BC12: 10.22486 | BD12: 10.22491 | BE12: 10.22469 | BF12: 10.2248 | BG12: 10.22492 | BH12: 10.22497 | BI12: 10.22495 | BJ12: 10.22494 | BK12: 10.22486 | BL12: 10.22477 | BM12: 10.22477 | BN12: 10.22476 | BO12: 10.22505 | BP12: 10.22518 | BQ12: 10.22525 | BR12: 10.2253 | BS12: 10.22534 | BT12: 10.22533 | BU12: 10.22526 | BV12: 10.22518 | BW12: 10.22499 | BX12: 10.2248 | BY12: 10.22468 | BZ12: 10.2248 | CA12: 10.22479 | CB12: 10.22472 | CC12: 10.22471 | CD12: 10.22459 | CE12: 10.22458 | CF12: 10.22446 | CG12: 10.22444 | CH12: 10.2244 | CI12: 10.22432 | CJ12: 10.22431 | CK12: 10.2248 | CL12: 10.2252 | CM12: 10.22501 | CN12: 10.22519 | CO12: 10.22528 | CP12: 10.22511 | CQ12: 10.22504 | CR12: 10.22498 | CS12: 10.22521 | CT12: 10.22474 | CU12: 10.22503 | CV12: 10.2252 | CW12: 10.22519 | CX12: 10.2252 | CY12: 10.22538 | CZ12: 10.2252 | DA12: 10.22529 | DB12: 10.22535 | DC12: 10.2254 | DD12: 10.22527 | DE12: 10.22535 | DF12: 10.22535 | DG12: 10.22527 | DH12: 10.22561 | DI12: 10.2256 | DJ12: 10.22574 | DK12: 10.22549 | DL12: 10.22569 | DM12: 10.22569 | DN12: 10.22552 | DO12: 10.22562 | DP12: 10.22562 | DQ12: 10.22566 | DR12: 10.22576 | DS12: 10.22551 | DT12: 10.2256 | DU12: 10.22551 | DV12: 10.22568 | DW12: 10.22557 | DX12: 10.22565 | DY12: 10.22552 | EA12: YJGS6.1 | EB12: 10.36462 | EC12: 10.36445 | ED12: 10.36419 | EE12: 10.36438 | EF12: 10.36426 | EG12: 10.3645 | EH12: 10.36439 | EI12: 10.36419 | EJ12: 10.36415 | EK12: 10.36415 | EL12: 10.36452 | EM12: 10.22562 | EN12: 10.36522 | EO12: 10.36506 | EP12: 10.36497 | EQ12: 10.36521 | ER12: 10.36497 | ES12: 10.36518 | ET12: 10.22572 | EU12: 10.36499 | EV12: 10.36515 | EW12: 10.3652 | EX12: 10.36498 | EY12: 10.36471 | EZ12: 10.36483 | FA12: 10.2256 | FB12: 10.36482 | FC12: 10.36462 | FD12: 10.36471 | FE12: 10.36469 | FF12: 10.36455 | FG12: 10.2256 | FH12: 10.36453 | FI12: 10.36488 | FJ12: 10.36462 | FK12: 10.36434 | FL12: 10.36462 | FM12: 10.22566 | FN12: 10.36455 | FO12: 10.36457 | FP12: 10.36459 | FQ12: 10.36436 | FR12: 10.36441 | FS12: 10.36449 | FT12: 10.36427 | FU12: 10.22548 | FV12: 10.36439 | FW12: 10.36442 | FX12: 10.22555 | FY12: 10.36452 | FZ12: 10.36423 | GA12: 10.36439 | GB12: 10.36436 | GC12: 10.36423 | GD12: 10.36422
A13: YJGC6-2 | B13: 10.3464 | C13: 10.34632 | D13: 10.34631 | E13: 10.34638 | F13: 10.34628 | G13: 10.34637 | H13: 10.34634 | I13: 10.34638 | J13: 10.34625 | K13: 10.34629 | L13: 10.34629 | M13: 10.34616 | N13: 10.34637 | O13: 10.34616 | P13: 10.3512 | Q13: 10.35116 | R13: 10.351363 | S13: 10.34945 | T13: 10.34937 | U13: 10.34953 | V13: 10.34949 | W13: 10.351 | X13: 10.35106 | Y13: 10.35103 | Z13: 10.351 | AA13: 10.35085 | AB13: 10.3507 | AC13: 10.35074 | AD13: 10.35077 | AE13: 10.35164 | AF13: 10.3525 | AG13: 10.3522 | AH13: 10.3519 | AI13: 10.352 | AJ13: 10.3521 | AK13: 10.35202 | AL13: 10.35205 | AM13: 10.35196 | AN13: 10.35187 | AO13: 10.35204 | AP13: 10.3522 | AQ13: 10.35228 | AR13: 10.35222 | AS13: 10.35229 | AT13: 10.35232 | AU13: 10.35234 | AV13: 10.35247 | AW13: 10.35248 | AX13: 10.35239 | AY13: 10.35251 | AZ13: 10.35238 | BA13: 10.3524 | BB13: 10.35239 | BC13: 10.35243 | BD13: 10.35234 | BE13: 10.35238 | BF13: 10.3522 | BG13: 10.3524 | BH13: 10.35248 | BI13: 10.35236 | BJ13: 10.35231 | BK13: 10.35236 | BL13: 10.3524 | BM13: 10.35249 | BN13: 10.35258 | BO13: 10.35257 | BP13: 10.35257 | BQ13: 10.35259 | BR13: 10.35241 | BS13: 10.3525 | BT13: 10.35226 | BU13: 10.35222 | BV13: 10.35218 | BW13: 10.35239 | BX13: 10.3526 | BY13: 10.35259 | BZ13: 10.35247 | CA13: 10.35246 | CB13: 10.35249 | CC13: 10.35257 | CD13: 10.35247 | CE13: 10.35239 | CF13: 10.3523 | CG13: 10.35226 | CH13: 10.35238 | CI13: 10.35233 | CJ13: 10.35243 | CK13: 10.35262 | CL13: 10.3528 | CM13: 10.35274 | CN13: 10.35281 | CO13: 10.35278 | CP13: 10.35263 | CQ13: 10.3525 | CR13: 10.35248 | CS13: 10.35244 | CT13: 10.35252 | CU13: 10.35246 | CV13: 10.35243 | CW13: 10.35261 | CX13: 10.3527 | CY13: 10.35252 | CZ13: 10.35245 | DA13: 10.35238 | DB13: 10.35269 | DC13: 10.353 | DD13: 10.35302 | DE13: 10.35303 | DF13: 10.35309 | DG13: 10.35289 | DH13: 10.3533 | DI13: 10.35334 | DJ13: 10.35332 | DK13: 10.35315 | DL13: 10.35323 | DM13: 10.35316 | DN13: 10.35323 | DO13: 10.35319 | DP13: 10.3534 | DQ13: 10.35332 | DR13: 10.35336 | DS13: 10.35329 | DT13: 10.35328 | DU13: 10.35342 | DV13: 10.35329 | DW13: 10.35344 | DX13: 10.35344 | DY13: 10.35323 | EA13: YJGS6.2 | EB13: 11.02602 | EC13: 11.02588 | ED13: 11.02572 | EE13: 11.02597 | EF13: 11.02645 | EG13: 11.02644 | EH13: 11.02632 | EI13: 11.02586 | EJ13: 11.02562 | EK13: 11.02546 | EL13: 11.02562 | EM13: 10.3532 | EN13: 11.02552 | EO13: 11.02551 | EP13: 11.02574 | EQ13: 11.02613 | ER13: 11.02572 | ES13: 11.026 | ET13: 10.35328 | EU13: 11.02532 | EV13: 11.02533 | EW13: 11.02556 | EX13: 11.02568 | EY13: 11.02611 | EZ13: 11.02626 | FA13: 10.35329 | FB13: 11.02594 | FC13: 11.02574 | FD13: 11.02588 | FE13: 11.02546 | FF13: 11.02591 | FG13: 10.35335 | FH13: 11.02577 | FI13: 11.02572 | FJ13: 11.02585 | FK13: 11.02615 | FL13: 11.02629 | FM13: 10.35342 | FN13: 11.02594 | FO13: 11.02625 | FP13: 11.02631 | FQ13: 11.02594 | FR13: 11.02593 | FS13: 11.02583 | FT13: 11.02605 | FU13: 10.3533 | FV13: 11.02618 | FW13: 11.02634 | FX13: 10.35333 | FY13: 11.02599 | FZ13: 11.02627 | GA13: 11.02633 | GB13: 11.02645 | GC13: 11.02627 | GD13: 11.02636
A14: YJGC7-1 | B14: 10.25205 | C14: 10.25196 | D14: 10.25199 | E14: 10.25192 | F14: 10.25198 | G14: 10.25197 | H14: 10.25192 | I14: 10.25203 | J14: 10.2519 | K14: 10.25199 | L14: 10.25205 | M14: 10.25203 | N14: 10.25217 | O14: 10.25203 | P14: 10.2561 | Q14: 10.25623 | R14: 10.255618 | S14: 10.25507 | T14: 10.25489 | U14: 10.25506 | V14: 10.25501 | W14: 10.25612 | X14: 10.25604 | Y14: 10.25593 | Z14: 10.25582 | AA14: 10.25596 | AB14: 10.2561 | AC14: 10.25617 | AD14: 10.25624 | AE14: 10.25667 | AF14: 10.2571 | AG14: 10.25718 | AH14: 10.25726 | AI14: 10.25698 | AJ14: 10.2567 | AK14: 10.25672 | AL14: 10.2568 | AM14: 10.25684 | AN14: 10.25688 | AO14: 10.25694 | AP14: 10.257 | AQ14: 10.25692 | AR14: 10.2571 | AS14: 10.2572 | AT14: 10.25724 | AU14: 10.25744 | AV14: 10.25713 | AW14: 10.25704 | AX14: 10.25712 | AY14: 10.25694 | AZ14: 10.25723 | BA14: 10.25696 | BB14: 10.25703 | BC14: 10.25716 | BD14: 10.25701 | BE14: 10.25721 | BF14: 10.25705 | BG14: 10.25722 | BH14: 10.25729 | BI14: 10.25723 | BJ14: 10.2572 | BK14: 10.25716 | BL14: 10.25711 | BM14: 10.25712 | BN14: 10.25713 | BO14: 10.25789 | BP14: 10.25821 | BQ14: 10.25825 | BR14: 10.25825 | BS14: 10.25834 | BT14: 10.25816 | BU14: 10.25768 | BV14: 10.2572 | BW14: 10.25735 | BX14: 10.2575 | BY14: 10.25734 | BZ14: 10.25737 | CA14: 10.25761 | CB14: 10.25784 | CC14: 10.25779 | CD14: 10.25773 | CE14: 10.25787 | CF14: 10.258 | CG14: 10.2578 | CH14: 10.25808 | CI14: 10.25807 | CJ14: 10.25798 | CK14: 10.25779 | CL14: 10.2576 | CM14: 10.25767 | CN14: 10.25753 | CO14: 10.25767 | CP14: 10.2578 | CQ14: 10.25768 | CR14: 10.25779 | CS14: 10.25776 | CT14: 10.25771 | CU14: 10.25776 | CV14: 10.25777 | CW14: 10.2578 | CX14: 10.25766 | CY14: 10.2577 | CZ14: 10.25774 | DA14: 10.25776 | DB14: 10.25803 | DC14: 10.2583 | DD14: 10.2579 | DE14: 10.2575 | DF14: 10.25745 | DG14: 10.25756 | DH14: 10.25768 | DI14: 10.25781 | DJ14: 10.25774 | DK14: 10.25763 | DL14: 10.25768 | DM14: 10.25766 | DN14: 10.25757 | DO14: 10.2577 | DP14: 10.25782 | DQ14: 10.25766 | DR14: 10.25783 | DS14: 10.25759 | DT14: 10.25768 | DU14: 10.2576 | DV14: 10.25765 | DW14: 10.25754 | DX14: 10.25755 | DY14: 10.2576 | EA14: YJGS7.1 | EB14: 10.46489 | EC14: 10.46462 | ED14: 10.46443 | EE14: 10.46476 | EF14: 10.46461 | EG14: 10.46484 | EH14: 10.46512 | EI14: 10.4654 | EJ14: 10.46536 | EK14: 10.46535 | EL14: 10.46524 | EM14: 10.25767 | EN14: 10.4655 | EO14: 10.46535 | EP14: 10.4651 | EQ14: 10.46512 | ER14: 10.46542 | ES14: 10.46537 | ET14: 10.25779 | EU14: 10.46519 | EV14: 10.46515 | EW14: 10.4652 | EX14: 10.46518 | EY14: 10.46543 | EZ14: 10.46497 | FA14: 10.25773 | FB14: 10.46478 | FC14: 10.46461 | FD14: 10.46499 | FE14: 10.46515 | FF14: 10.46526 | FG14: 10.25782 | FH14: 10.465 | FI14: 10.46487 | FJ14: 10.46505 | FK14: 10.46502 | FL14: 10.46471 | FM14: 10.25756 | FN14: 10.4648 | FO14: 10.46434 | FP14: 10.46449 | FQ14: 10.46439 | FR14: 10.46446 | FS14: 10.46473 | FT14: 10.4647 | FU14: 10.25775 | FV14: 10.46505 | FW14: 10.46504 | FX14: 10.25774 | FY14: 10.46523 | FZ14: 10.46514 | GA14: 10.46507 | GB14: 10.465 | GC14: 10.46484 | GD14: 10.46476
A15: YJGC7-2 | B15: 10.34325 | C15: 10.3431 | D15: 10.34315 | E15: 10.3432 | F15: 10.34312 | G15: 10.34326 | H15: 10.34322 | I15: 10.34322 | J15: 10.34323 | K15: 10.34318 | L15: 10.34318 | M15: 10.34319 | N15: 10.34326 | O15: 10.34319 | P15: 10.3477 | Q15: 10.34768 | R15: 10.347486 | S15: 10.34628 | T15: 10.34626 | U15: 10.34634 | V15: 10.34648 | W15: 10.3477 | X15: 10.34779 | Y15: 10.34774 | Z15: 10.34769 | AA15: 10.3477 | AB15: 10.3477 | AC15: 10.34778 | AD15: 10.34786 | AE15: 10.34838 | AF15: 10.3489 | AG15: 10.34893 | AH15: 10.34896 | AI15: 10.34878 | AJ15: 10.3486 | AK15: 10.34861 | AL15: 10.34846 | AM15: 10.34846 | AN15: 10.34846 | AO15: 10.34863 | AP15: 10.3488 | AQ15: 10.34884 | AR15: 10.34872 | AS15: 10.34882 | AT15: 10.34854 | AU15: 10.34841 | AV15: 10.34839 | AW15: 10.34823 | AX15: 10.34828 | AY15: 10.34845 | AZ15: 10.34814 | BA15: 10.34818 | BB15: 10.34841 | BC15: 10.34829 | BD15: 10.3482 | BE15: 10.34833 | BF15: 10.34825 | BG15: 10.34879 | BH15: 10.34902 | BI15: 10.34889 | BJ15: 10.34883 | BK15: 10.34888 | BL15: 10.34892 | BM15: 10.34894 | BN15: 10.34896 | BO15: 10.3495 | BP15: 10.34973 | BQ15: 10.34973 | BR15: 10.3497 | BS15: 10.34975 | BT15: 10.34952 | BU15: 10.34921 | BV15: 10.3489 | BW15: 10.3491 | BX15: 10.3493 | BY15: 10.34921 | BZ15: 10.34938 | CA15: 10.3493 | CB15: 10.34946 | CC15: 10.34927 | CD15: 10.34953 | CE15: 10.34947 | CF15: 10.3494 | CG15: 10.34947 | CH15: 10.34924 | CI15: 10.34914 | CJ15: 10.34929 | CK15: 10.34915 | CL15: 10.349 | CM15: 10.34907 | CN15: 10.34886 | CO15: 10.34903 | CP15: 10.3492 | CQ15: 10.34906 | CR15: 10.34924 | CS15: 10.34908 | CT15: 10.34926 | CU15: 10.34912 | CV15: 10.34901 | CW15: 10.34906 | CX15: 10.34908 | CY15: 10.3491 | CZ15: 10.34916 | DA15: 10.34916 | DB15: 10.34948 | DC15: 10.3498 | DD15: 10.3495 | DE15: 10.3492 | DF15: 10.34917 | DG15: 10.34903 | DH15: 10.34875 | DI15: 10.34893 | DJ15: 10.3489 | DK15: 10.34867 | DL15: 10.3488 | DM15: 10.34874 | DN15: 10.34875 | DO15: 10.34889 | DP15: 10.34875 | DQ15: 10.34871 | DR15: 10.34884 | DS15: 10.3488 | DT15: 10.34874 | DU15: 10.34877 | DV15: 10.34876 | DW15: 10.34878 | DX15: 10.34865 | DY15: 10.34863 | EA15: YJGS7.2 | EB15: 11.08085 | EC15: 11.08068 | ED15: 11.08037 | EE15: 11.08075 | EF15: 11.08106 | EG15: 11.08088 | EH15: 11.081 | EI15: 11.08054 | EJ15: 11.08038 | EK15: 11.08029 | EL15: 11.08045 | EM15: 10.34868 | EN15: 11.08086 | EO15: 11.08133 | EP15: 11.08124 | EQ15: 11.08152 | ER15: 11.08142 | ES15: 11.08096 | ET15: 10.34881 | EU15: 11.08076 | EV15: 11.08067 | EW15: 11.08079 | EX15: 11.08055 | EY15: 11.0807 | EZ15: 11.08063 | FA15: 10.34889 | FB15: 11.08086 | FC15: 11.08092 | FD15: 11.08108 | FE15: 11.08102 | FF15: 11.08128 | FG15: 10.34862 | FH15: 11.08119 | FI15: 11.08111 | FJ15: 11.0807 | FK15: 11.08108 | FL15: 11.08102 | FM15: 10.34879 | FN15: 11.08083 | FO15: 11.08067 | FP15: 11.08031 | FQ15: 11.08019 | FR15: 11.08048 | FS15: 11.08063 | FT15: 11.0805 | FU15: 10.34886 | FV15: 11.08022 | FW15: 11.08031 | FX15: 10.34881 | FY15: 11.08026 | FZ15: 11.08067 | GA15: 11.0805 | GB15: 11.08054 | GC15: 11.08067
A16: YJGC8-1 | B16: 10.28365 | C16: 10.28355 | D16: 10.28363 | E16: 10.28353 | F16: 10.28363 | G16: 10.28361 | H16: 10.2836 | I16: 10.2836 | J16: 10.28356 | K16: 10.28359 | L16: 10.28358 | M16: 10.28349 | N16: 10.28359 | O16: 10.28349 | P16: 10.2874 | Q16: 10.28743 | R16: 10.287074 | S16: 10.28614 | T16: 10.2861 | U16: 10.28611 | V16: 10.28624 | W16: 10.2874 | X16: 10.28746 | Y16: 10.28733 | Z16: 10.2872 | AA16: 10.2874 | AB16: 10.2876 | AC16: 10.28785 | AD16: 10.2881 | AE16: 10.2885 | AF16: 10.2889 | AG16: 10.2889 | AH16: 10.28889 | AI16: 10.28855 | AJ16: 10.2882 | AK16: 10.28818 | AL16: 10.28815 | AM16: 10.28811 | AN16: 10.28806 | AO16: 10.28843 | AP16: 10.2888 | AQ16: 10.28891 | AR16: 10.28883 | AS16: 10.28871 | AT16: 10.28894 | AU16: 10.28902 | AV16: 10.28894 | AW16: 10.28889 | AX16: 10.28898 | AY16: 10.28914 | AZ16: 10.2891 | BA16: 10.28906 | BB16: 10.28907 | BC16: 10.28899 | BD16: 10.28888 | BE16: 10.28881 | BF16: 10.28897 | BG16: 10.28898 | BH16: 10.28898 | BI16: 10.28911 | BJ16: 10.28916 | BK16: 10.28926 | BL16: 10.28935 | BM16: 10.28927 | BN16: 10.28918 | BO16: 10.28951 | BP16: 10.28965 | BQ16: 10.28948 | BR16: 10.2896 | BS16: 10.28956 | BT16: 10.28963 | BU16: 10.28959 | BV16: 10.28955 | BW16: 10.28928 | BX16: 10.289 | BY16: 10.28894 | BZ16: 10.28885 | CA16: 10.28884 | CB16: 10.28872 | CC16: 10.28859 | CD16: 10.28865 | CE16: 10.28866 | CF16: 10.28848 | CG16: 10.28854 | CH16: 10.28846 | CI16: 10.28844 | CJ16: 10.28848 | CK16: 10.28889 | CL16: 10.2893 | CM16: 10.28939 | CN16: 10.28937 | CO16: 10.28926 | CP16: 10.28936 | CQ16: 10.28937 | CR16: 10.2892 | CS16: 10.28925 | CT16: 10.28938 | CU16: 10.28941 | CV16: 10.28927 | CW16: 10.28926 | CX16: 10.28933 | CY16: 10.28936 | CZ16: 10.28938 | DA16: 10.28921 | DB16: 10.28966 | DC16: 10.2901 | DD16: 10.29002 | DE16: 10.28999 | DF16: 10.2898 | DG16: 10.29003 | DH16: 10.28978 | DI16: 10.28987 | DJ16: 10.28971 | DK16: 10.28976 | DL16: 10.28993 | DM16: 10.2899 | DN16: 10.28983 | DO16: 10.28987 | DP16: 10.28965 | DQ16: 10.28965 | DR16: 10.28975 | DS16: 10.28968 | DT16: 10.28985 | DU16: 10.28978 | DV16: 10.28966 | DW16: 10.28976 | DX16: 10.28974 | DY16: 10.2898 | EA16: YJGS8.1 | EB16: 10.38282 | EC16: 10.38263 | ED16: 10.38239 | EE16: 10.38273 | EF16: 10.38268 | EG16: 10.38237 | EH16: 10.38254 | EI16: 10.38281 | EJ16: 10.38301 | EK16: 10.38311 | EL16: 10.38318 | EM16: 10.28991 | EN16: 10.38304 | EO16: 10.38328 | EP16: 10.38341 | EQ16: 10.38349 | ER16: 10.38367 | ES16: 10.38351 | ET16: 10.28966 | EU16: 10.38331 | EV16: 10.38291 | EW16: 10.38287 | EX16: 10.38273 | EY16: 10.38278 | EZ16: 10.38271 | FA16: 10.28981 | FB16: 10.38273 | FC16: 10.38249 | FD16: 10.38242 | FE16: 10.38233 | FF16: 10.38258 | FG16: 10.28972 | FH16: 10.38253 | FI16: 10.38273 | FJ16: 10.38272 | FK16: 10.38263 | FL16: 10.38236 | FM16: 10.28984 | FN16: 10.3824 | FO16: 10.38259 | FP16: 10.38288 | FQ16: 10.38252 | FR16: 10.3828 | FS16: 10.38285 | FT16: 10.38299 | FU16: 10.28987 | FV16: 10.38292 | FW16: 10.38318 | FX16: 10.28985 | FY16: 10.38327 | FZ16: 10.38333 | GA16: 10.38334 | GB16: 10.38316 | GC16: 10.38333 | GD16: 10.38337
A17: YJGC8-2 | B17: 10.42225 | C17: 10.42214 | D17: 10.42222 | E17: 10.42217 | F17: 10.42215 | G17: 10.42216 | H17: 10.42212 | I17: 10.42215 | J17: 10.42219 | K17: 10.42217 | L17: 10.42217 | M17: 10.42206 | N17: 10.42227 | O17: 10.42206 | P17: 10.4267 | Q17: 10.42678 | R17: 10.426162 | S17: 10.42526 | T17: 10.42509 | U17: 10.42532 | V17: 10.42523 | W17: 10.4267 | X17: 10.42674 | Y17: 10.42667 | Z17: 10.4266 | AA17: 10.4267 | AB17: 10.4268 | AC17: 10.427 | AD17: 10.4272 | AE17: 10.42775 | AF17: 10.4283 | AG17: 10.42839 | AH17: 10.42848 | AI17: 10.42809 | AJ17: 10.4277 | AK17: 10.42767 | AL17: 10.42761 | AM17: 10.42753 | AN17: 10.42745 | AO17: 10.42783 | AP17: 10.4282 | AQ17: 10.4283 | AR17: 10.42803 | AS17: 10.42821 | AT17: 10.42807 | AU17: 10.42813 | AV17: 10.42793 | AW17: 10.42774 | AX17: 10.42806 | AY17: 10.42786 | AZ17: 10.42802 | BA17: 10.42795 | BB17: 10.42823 | BC17: 10.42795 | BD17: 10.42806 | BE17: 10.42821 | BF17: 10.42807 | BG17: 10.42796 | BH17: 10.42791 | BI17: 10.42804 | BJ17: 10.4281 | BK17: 10.42811 | BL17: 10.42812 | BM17: 10.4282 | BN17: 10.42828 | BO17: 10.42856 | BP17: 10.42868 | BQ17: 10.4285 | BR17: 10.42862 | BS17: 10.42851 | BT17: 10.42862 | BU17: 10.42862 | BV17: 10.42861 | BW17: 10.42856 | BX17: 10.4285 | BY17: 10.42837 | BZ17: 10.4286 | CA17: 10.4285 | CB17: 10.42846 | CC17: 10.42833 | CD17: 10.42831 | CE17: 10.42823 | CF17: 10.4283 | CG17: 10.4283 | CH17: 10.42836 | CI17: 10.42829 | CJ17: 10.42822 | CK17: 10.42831 | CL17: 10.4284 | CM17: 10.42825 | CN17: 10.42837 | CO17: 10.42833 | CP17: 10.42818 | CQ17: 10.42826 | CR17: 10.42801 | CS17: 10.42812 | CT17: 10.42802 | CU17: 10.42815 | CV17: 10.42811 | CW17: 10.42802 | CX17: 10.42804 | CY17: 10.42785 | CZ17: 10.42771 | DA17: 10.42777 | DB17: 10.42804 | DC17: 10.4283 | DD17: 10.4284 | DE17: 10.4285 | DF17: 10.42847 | DG17: 10.42842 | DH17: 10.42808 | DI17: 10.42802 | DJ17: 10.42817 | DK17: 10.4282 | DL17: 10.42803 | DM17: 10.42807 | DN17: 10.42812 | DO17: 10.42807 | DP17: 10.42804 | DQ17: 10.42798 | DR17: 10.42813 | DS17: 10.42816 | DT17: 10.42807 | DU17: 10.42803 | DV17: 10.42794 | DW17: 10.42798 | DX17: 10.428 | DY17: 10.42803 | EA17: YJGS8.2 | EB17: 11.13359 | EC17: 11.13351 | ED17: 11.13308 | EE17: 11.13345 | EF17: 11.13382 | EG17: 11.13427 | EH17: 11.13379 | EI17: 11.13348 | EJ17: 11.13362 | EK17: 11.13373 | EL17: 11.13399 | EM17: 10.42816 | EN17: 11.13427 | EO17: 11.13401 | EP17: 11.13365 | EQ17: 11.13366 | ER17: 11.13391 | ES17: 11.13365 | ET17: 10.42799 | EU17: 11.13357 | EV17: 11.13336 | EW17: 11.13323 | EX17: 11.13332 | EY17: 11.13374 | EZ17: 11.13401 | FA17: 10.42817 | FB17: 11.13408 | FC17: 11.1342 | FD17: 11.1339 | FE17: 11.13361 | FF17: 11.13331 | FG17: 10.42802 | FH17: 11.13304 | FI17: 11.13321 | FJ17: 11.13337 | FK17: 11.13346 | FL17: 11.13377 | FM17: 10.42819 | FN17: 11.13403 | FO17: 11.13392 | FP17: 11.13409 | FQ17: 11.1338 | FR17: 11.13351 | FS17: 11.13363 | FT17: 11.13406 | FU17: 10.42814 | FV17: 11.13421 | FW17: 11.13406 | FX17: 10.42809 | FY17: 11.1338 | FZ17: 11.13399 | GA17: 11.13405 | GB17: 11.13398 | GC17: 11.13399 | GD17: 11.13413
A18: YJGC9-1 | B18: 10.2499 | C18: 10.24978 | D18: 10.2499 | E18: 10.24989 | F18: 10.24988 | G18: 10.2499 | H18: 10.24989 | I18: 10.24977 | J18: 10.24977 | K18: 10.24982 | L18: 10.24981 | M18: 10.24976 | N18: 10.24977 | O18: 10.24976 | P18: 10.2538 | Q18: 10.25387 | R18: 10.253595 | S18: 10.25189 | T18: 10.2517 | U18: 10.25191 | V18: 10.25189 | W18: 10.2533 | X18: 10.25342 | Y18: 10.25347 | Z18: 10.25351 | AA18: 10.25351 | AB18: 10.2535 | AC18: 10.25353 | AD18: 10.25356 | AE18: 10.25413 | AF18: 10.2547 | AG18: 10.25466 | AH18: 10.25461 | AI18: 10.25461 | AJ18: 10.25461 | AK18: 10.25465 | AL18: 10.25453 | AM18: 10.25463 | AN18: 10.25472 | AO18: 10.25476 | AP18: 10.2548 | AQ18: 10.25468 | AR18: 10.25485 | AS18: 10.25469 | AT18: 10.25476 | AU18: 10.25481 | AV18: 10.25466 | AW18: 10.25478 | AX18: 10.25479 | AY18: 10.25491 | AZ18: 10.2548 | BA18: 10.25472 | BB18: 10.25463 | BC18: 10.25478 | BD18: 10.25491 | BE18: 10.25472 | BF18: 10.25472 | BG18: 10.25477 | BH18: 10.25479 | BI18: 10.25478 | BJ18: 10.25478 | BK18: 10.2547 | BL18: 10.25462 | BM18: 10.25469 | BN18: 10.25476 | BO18: 10.25533 | BP18: 10.25557 | BQ18: 10.25559 | BR18: 10.25565 | BS18: 10.25568 | BT18: 10.25574 | BU18: 10.25578 | BV18: 10.25581 | BW18: 10.25596 | BX18: 10.2561 | BY18: 10.2561 | BZ18: 10.25602 | CA18: 10.25594 | CB18: 10.25594 | CC18: 10.25589 | CD18: 10.25576 | CE18: 10.25561 | CF18: 10.2558 | CG18: 10.25565 | CH18: 10.25587 | CI18: 10.25589 | CJ18: 10.25581 | CK18: 10.2557 | CL18: 10.25583 | CM18: 10.25592 | CN18: 10.25572 | CO18: 10.25581 | CP18: 10.25574 | CQ18: 10.25581 | CR18: 10.25556 | CS18: 10.25571 | CT18: 10.25557 | CU18: 10.25577 | CV18: 10.25563 | CW18: 10.25567 | CX18: 10.2558 | CY18: 10.25581 | CZ18: 10.25566 | DA18: 10.25571 | DB18: 10.25586 | DC18: 10.256 | DD18: 10.25603 | DE18: 10.25586 | DF18: 10.25589 | DG18: 10.25585 | DH18: 10.25569 | DI18: 10.25575 | DJ18: 10.25579 | DK18: 10.25556 | DL18: 10.25581 | DM18: 10.25557 | DN18: 10.25583 | DO18: 10.25573 | DP18: 10.25579 | DQ18: 10.25555 | DR18: 10.25578 | DS18: 10.2558 | DT18: 10.25576 | DU18: 10.25573 | DV18: 10.25557 | DW18: 10.25562 | DX18: 10.25559 | DY18: 10.25581 | EA18: YJGS9.1 | EB18: 10.63484 | EC18: 10.63467 | ED18: 10.63434 | EE18: 10.63472 | EF18: 10.6349 | EG18: 10.63497 | EH18: 10.6347 | EI18: 10.63453 | EJ18: 10.63459 | EK18: 10.6344 | EL18: 10.63453 | EM18: 10.25581 | EN18: 10.63478 | EO18: 10.635 | EP18: 10.63496 | EQ18: 10.63504 | ER18: 10.6346 | ES18: 10.63497 | ET18: 10.25558 | EU18: 10.63442 | EV18: 10.63434 | EW18: 10.63444 | EX18: 10.63477 | EY18: 10.63511 | EZ18: 10.63523 | FA18: 10.25567 | FB18: 10.63515 | FC18: 10.63517 | FD18: 10.63474 | FE18: 10.63462 | FF18: 10.63454 | FG18: 10.25555 | FH18: 10.63426 | FI18: 10.63408 | FJ18: 10.6341 | FK18: 10.63421 | FL18: 10.63402 | FM18: 10.25558 | FN18: 10.63406 | FO18: 10.63414 | FP18: 10.63439 | FQ18: 10.63452 | FR18: 10.63498 | FS18: 10.6354 | FT18: 10.63513 | FU18: 10.25573 | FV18: 10.63541 | FW18: 10.63548 | FX18: 10.25565 | FY18: 10.63557 | FZ18: 10.63519 | GA18: 10.63517 | GB18: 10.63518 | GC18: 10.63519 | GD18: 10.63498
A19: YJGC9-2 | B19: 10.4487 | C19: 10.44871 | D19: 10.44865 | E19: 10.44861 | F19: 10.44865 | G19: 10.4486 | H19: 10.44856 | I19: 10.44858 | J19: 10.44868 | K19: 10.44862 | L19: 10.44863 | M19: 10.44848 | N19: 10.44873 | O19: 10.44848 | P19: 10.4538 | Q19: 10.4539 | R19: 10.453335 | S19: 10.45231 | T19: 10.45217 | U19: 10.45247 | V19: 10.45251 | W19: 10.4539 | X19: 10.45401 | Y19: 10.45391 | Z19: 10.45381 | AA19: 10.45391 | AB19: 10.454 | AC19: 10.4542 | AD19: 10.4544 | AE19: 10.4549 | AF19: 10.4554 | AG19: 10.45546 | AH19: 10.45551 | AI19: 10.45516 | AJ19: 10.4548 | AK19: 10.45479 | AL19: 10.455 | AM19: 10.45503 | AN19: 10.45506 | AO19: 10.45523 | AP19: 10.4554 | AQ19: 10.4553 | AR19: 10.45544 | AS19: 10.4555 | AT19: 10.45543 | AU19: 10.45558 | AV19: 10.45526 | AW19: 10.45519 | AX19: 10.45524 | AY19: 10.45515 | AZ19: 10.45505 | BA19: 10.45512 | BB19: 10.45506 | BC19: 10.45544 | BD19: 10.45524 | BE19: 10.45509 | BF19: 10.45519 | BG19: 10.45515 | BH19: 10.45513 | BI19: 10.45517 | BJ19: 10.45518 | BK19: 10.45514 | BL19: 10.4551 | BM19: 10.45503 | BN19: 10.45496 | BO19: 10.45588 | BP19: 10.45628 | BQ19: 10.4564 | BR19: 10.45628 | BS19: 10.45614 | BT19: 10.45634 | BU19: 10.45627 | BV19: 10.4562 | BW19: 10.4564 | BX19: 10.4566 | BY19: 10.45654 | BZ19: 10.45654 | CA19: 10.45646 | CB19: 10.45648 | CC19: 10.45639 | CD19: 10.45633 | CE19: 10.45633 | CF19: 10.45636 | CG19: 10.45631 | CH19: 10.45638 | CI19: 10.45627 | CJ19: 10.45636 | CK19: 10.45623 | CL19: 10.4561 | CM19: 10.45598 | CN19: 10.45611 | CO19: 10.45592 | CP19: 10.45616 | CQ19: 10.45598 | CR19: 10.45606 | CS19: 10.45604 | CT19: 10.45616 | CU19: 10.45616 | CV19: 10.45616 | CW19: 10.45621 | CX19: 10.45606 | CY19: 10.45596 | CZ19: 10.45581 | DA19: 10.45582 | DB19: 10.45626 | DC19: 10.4567 | DD19: 10.45675 | DE19: 10.45659 | DF19: 10.45655 | DG19: 10.45664 | DH19: 10.4562 | DI19: 10.45614 | DJ19: 10.45607 | DK19: 10.45614 | DL19: 10.45607 | DM19: 10.45613 | DN19: 10.45623 | DO19: 10.45613 | DP19: 10.45614 | DQ19: 10.45608 | DR19: 10.45608 | DS19: 10.45626 | DT19: 10.45609 | DU19: 10.45627 | DV19: 10.45629 | DW19: 10.45626 | DX19: 10.45613 | DY19: 10.45622 | EA19: YJGS9.2 | EB19: 10.35756 | EC19: 10.35738 | ED19: 10.35707 | EE19: 10.35745 | EF19: 10.35787 | EG19: 10.35775 | EH19: 10.3581 | EI19: 10.35802 | EJ19: 10.3579 | EK19: 10.35819 | EL19: 10.35793 | EM19: 10.45617 | EN19: 10.35819 | EO19: 10.35811 | EP19: 10.35772 | EQ19: 10.3575 | ER19: 10.35753 | ES19: 10.35737 | ET19: 10.45612 | EU19: 10.3573 | EV19: 10.35745 | EW19: 10.35746 | EX19: 10.35743 | EY19: 10.35728 | EZ19: 10.35761 | FA19: 10.4561 | FB19: 10.35784 | FC19: 10.35775 | FD19: 10.35772 | FE19: 10.35781 | FF19: 10.35805 | FG19: 10.45612 | FH19: 10.35774 | FI19: 10.35814 | FJ19: 10.35824 | FK19: 10.35824 | FL19: 10.35792 | FM19: 10.45624 | FN19: 10.35816 | FO19: 10.35787 | FP19: 10.35774 | FQ19: 10.35733 | FR19: 10.35747 | FS19: 10.35751 | FT19: 10.35711 | FU19: 10.45618 | FV19: 10.3572 | FW19: 10.35707 | FX19: 10.45623 | FY19: 10.35745 | FZ19: 10.35719 | GA19: 10.35718 | GB19: 10.35728 | GC19: 10.35719 | GD19: 10.35755
A20: YJGC10-1 | B20: 10.29865 | C20: 10.29863 | D20: 10.2986 | E20: 10.29854 | F20: 10.29866 | G20: 10.29857 | H20: 10.29852 | I20: 10.29862 | J20: 10.29857 | K20: 10.29855 | L20: 10.29863 | M20: 10.29859 | N20: 10.29878 | O20: 10.29859 | P20: 10.3028 | Q20: 10.30283 | R20: 10.302012 | S20: 10.30161 | T20: 10.30144 | U20: 10.30179 | V20: 10.30174 | W20: 10.3021 | X20: 10.30205 | Y20: 10.30192 | Z20: 10.30179 | AA20: 10.3024 | AB20: 10.303 | AC20: 10.30291 | AD20: 10.30281 | AE20: 10.30321 | AF20: 10.3036 | AG20: 10.30362 | AH20: 10.30364 | AI20: 10.30357 | AJ20: 10.3035 | AK20: 10.30338 | AL20: 10.30363 | AM20: 10.30356 | AN20: 10.30348 | AO20: 10.30389 | AP20: 10.3043 | AQ20: 10.30417 | AR20: 10.30437 | AS20: 10.3042 | AT20: 10.30449 | AU20: 10.30453 | AV20: 10.30437 | AW20: 10.30444 | AX20: 10.30437 | AY20: 10.30442 | AZ20: 10.30443 | BA20: 10.30445 | BB20: 10.3042 | BC20: 10.30448 | BD20: 10.30436 | BE20: 10.30434 | BF20: 10.30441 | BG20: 10.3045 | BH20: 10.30454 | BI20: 10.30461 | BJ20: 10.30464 | BK20: 10.30455 | BL20: 10.30446 | BM20: 10.30438 | BN20: 10.3043 | BO20: 10.3046 | BP20: 10.30473 | BQ20: 10.30486 | BR20: 10.30476 | BS20: 10.30484 | BT20: 10.30522 | BU20: 10.30521 | BV20: 10.30519 | BW20: 10.3053 | BX20: 10.3054 | BY20: 10.30524 | BZ20: 10.30521 | CA20: 10.30502 | CB20: 10.30505 | CC20: 10.3049 | CD20: 10.30491 | CE20: 10.30472 | CF20: 10.30485 | CG20: 10.30488 | CH20: 10.30468 | CI20: 10.30472 | CJ20: 10.30471 | CK20: 10.30501 | CL20: 10.3053 | CM20: 10.30539 | CN20: 10.30537 | CO20: 10.30537 | CP20: 10.30533 | CQ20: 10.30521 | CR20: 10.30535 | CS20: 10.30535 | CT20: 10.30514 | CU20: 10.3054 | CV20: 10.30523 | CW20: 10.30543 | CX20: 10.30514 | CY20: 10.30505 | CZ20: 10.30508 | DA20: 10.30487 | DB20: 10.30514 | DC20: 10.3054 | DD20: 10.30542 | DE20: 10.30539 | DF20: 10.30528 | DG20: 10.30524 | DH20: 10.3053 | DI20: 10.30524 | DJ20: 10.30527 | DK20: 10.30525 | DL20: 10.3052 | DM20: 10.30536 | DN20: 10.30523 | DO20: 10.30539 | DP20: 10.30525 | DQ20: 10.30521 | DR20: 10.30536 | DS20: 10.30525 | DT20: 10.30518 | DU20: 10.30538 | DV20: 10.30538 | DW20: 10.30536 | DX20: 10.30537 | DY20: 10.30533 | EA20: YJGS10.1 | EB20: 10.52064 | EC20: 10.52048 | ED20: 10.52016 | EE20: 10.52053 | EF20: 10.52085 | EG20: 10.521 | EH20: 10.52109 | EI20: 10.52065 | EJ20: 10.52029 | EK20: 10.52013 | EL20: 10.5205 | EM20: 10.30523 | EN20: 10.52015 | EO20: 10.52004 | EP20: 10.5201 | EQ20: 10.5203 | ER20: 10.51997 | ES20: 10.52025 | ET20: 10.30517 | EU20: 10.52023 | EV20: 10.52012 | EW20: 10.52013 | EX20: 10.52021 | EY20: 10.52059 | EZ20: 10.521 | FA20: 10.30531 | FB20: 10.52116 | FC20: 10.52083 | FD20: 10.52059 | FE20: 10.52029 | FF20: 10.52042 | FG20: 10.30542 | FH20: 10.52038 | FI20: 10.52034 | FJ20: 10.52045 | FK20: 10.52054 | FL20: 10.52051 | FM20: 10.30534 | FN20: 10.52016 | FO20: 10.52049 | FP20: 10.52061 | FQ20: 10.52077 | FR20: 10.52075 | FS20: 10.52039 | FT20: 10.5204 | FU20: 10.3054 | FV20: 10.52035 | FW20: 10.52033 | FX20: 10.3053 | FY20: 10.52055 | FZ20: 10.5208 | GA20: 10.52036 | GB20: 10.52072 | GC20: 10.5208 | GD20: 10.52098
A21: YJGC10-2 | B21: 10.45595 | C21: 10.45585 | D21: 10.45593 | E21: 10.45593 | F21: 10.45582 | G21: 10.45595 | H21: 10.4559 | I21: 10.4559 | J21: 10.45595 | K21: 10.45593 | L21: 10.4559 | M21: 10.45586 | N21: 10.45617 | O21: 10.45586 | P21: 10.4612 | Q21: 10.46129 | R21: 10.460486 | S21: 10.46001 | T21: 10.45984 | U21: 10.46016 | V21: 10.46011 | W21: 10.4611 | X21: 10.46128 | Y21: 10.46115 | Z21: 10.46101 | AA21: 10.46141 | AB21: 10.4618 | AC21: 10.46176 | AD21: 10.46171 | AE21: 10.46211 | AF21: 10.4625 | AG21: 10.46255 | AH21: 10.4626 | AI21: 10.4625 | AJ21: 10.4624 | AK21: 10.46257 | AL21: 10.46255 | AM21: 10.46262 | AN21: 10.46268 | AO21: 10.46284 | AP21: 10.463 | AQ21: 10.46312 | AR21: 10.46299 | AS21: 10.46297 | AT21: 10.4628 | AU21: 10.4629 | AV21: 10.46286 | AW21: 10.46303 | AX21: 10.4629 | AY21: 10.46287 | AZ21: 10.4631 | BA21: 10.46306 | BB21: 10.46302 | BC21: 10.46283 | BD21: 10.4627 | BE21: 10.46294 | BF21: 10.46271 | BG21: 10.46286 | BH21: 10.46293 | BI21: 10.4628 | BJ21: 10.46274 | BK21: 10.46274 | BL21: 10.46274 | BM21: 10.46283 | BN21: 10.46291 | BO21: 10.46344 | BP21: 10.46366 | BQ21: 10.46367 | BR21: 10.46365 | BS21: 10.46368 | BT21: 10.46374 | BU21: 10.46367 | BV21: 10.4636 | BW21: 10.46385 | BX21: 10.4641 | BY21: 10.46394 | BZ21: 10.46397 | CA21: 10.46406 | CB21: 10.46396 | CC21: 10.46383 | CD21: 10.46394 | CE21: 10.46403 | CF21: 10.46381 | CG21: 10.46368 | CH21: 10.46378 | CI21: 10.46365 | CJ21: 10.46375 | CK21: 10.46373 | CL21: 10.4637 | CM21: 10.46352 | CN21: 10.46373 | CO21: 10.46373 | CP21: 10.46377 | CQ21: 10.46387 | CR21: 10.4636 | CS21: 10.46382 | CT21: 10.46362 | CU21: 10.46367 | CV21: 10.46374 | CW21: 10.46368 | CX21: 10.4636 | CY21: 10.46358 | CZ21: 10.46352 | DA21: 10.46356 | DB21: 10.46393 | DC21: 10.4643 | DD21: 10.46426 | DE21: 10.46425 | DF21: 10.4641 | DG21: 10.46415 | DH21: 10.46409 | DI21: 10.46424 | DJ21: 10.46398 | DK21: 10.46401 | DL21: 10.46418 | DM21: 10.46421 | DN21: 10.46408 | DO21: 10.46403 | DP21: 10.46406 | DQ21: 10.46415 | DR21: 10.46409 | DS21: 10.46413 | DT21: 10.464 | DU21: 10.46421 | DV21: 10.46422 | DW21: 10.46415 | DX21: 10.46413 | DY21: 10.46415 | EA21: YJGS10.2 | EB21: 10.35609 | EC21: 10.35593 | ED21: 10.35566 | EE21: 10.356 | EF21: 10.35572 | EG21: 10.3558 | EH21: 10.35547 | EI21: 10.35543 | EJ21: 10.35588 | EK21: 10.3563 | EL21: 10.35649 | EM21: 10.46399 | EN21: 10.35623 | EO21: 10.35619 | EP21: 10.35634 | EQ21: 10.35673 | ER21: 10.35649 | ES21: 10.35622 | ET21: 10.46403 | EU21: 10.35592 | EV21: 10.35592 | EW21: 10.3559 | EX21: 10.35564 | EY21: 10.35571 | EZ21: 10.3556 | FA21: 10.46408 | FB21: 10.35598 | FC21: 10.35635 | FD21: 10.35655 | FE21: 10.35642 | FF21: 10.35623 | FG21: 10.46397 | FH21: 10.35633 | FI21: 10.35628 | FJ21: 10.35632 | FK21: 10.35632 | FL21: 10.35656 | FM21: 10.46423 | FN21: 10.35631 | FO21: 10.35622 | FP21: 10.35609 | FQ21: 10.35617 | FR21: 10.3565 | FS21: 10.35632 | FT21: 10.35592 | FU21: 10.46418 | FV21: 10.35562 | FW21: 10.35552 | FX21: 10.46409 | FY21: 10.35535 | FZ21: 10.35528 | GA21: 10.35535 | GB21: 10.35574 | GC21: 10.35598 | GD21: 10.35571
A22: YJGC11-1 | B22: 10.3137 | C22: 10.31369 | D22: 10.3137 | E22: 10.31359 | F22: 10.31368 | G22: 10.31363 | H22: 10.31371 | I22: 10.31355 | J22: 10.31368 | K22: 10.3137 | L22: 10.31362 | M22: 10.31352 | N22: 10.31378 | O22: 10.31352 | P22: 10.3182 | Q22: 10.31818 | R22: 10.317619 | S22: 10.31779 | T22: 10.31766 | U22: 10.31784 | V22: 10.31792 | W22: 10.3193 | X22: 10.31932 | Y22: 10.31931 | Z22: 10.31929 | AA22: 10.31905 | AB22: 10.3188 | AC22: 10.31872 | AD22: 10.31863 | AE22: 10.31922 | AF22: 10.3198 | AG22: 10.31985 | AH22: 10.31989 | AI22: 10.31985 | AJ22: 10.3198 | AK22: 10.31999 | AL22: 10.31994 | AM22: 10.32004 | AN22: 10.32013 | AO22: 10.32027 | AP22: 10.3204 | AQ22: 10.32054 | AR22: 10.32057 | AS22: 10.32044 | AT22: 10.32043 | AU22: 10.32023 | AV22: 10.3206 | AW22: 10.32054 | AX22: 10.32074 | AY22: 10.32089 | AZ22: 10.32059 | BA22: 10.32066 | BB22: 10.3208 | BC22: 10.32082 | BD22: 10.32087 | BE22: 10.32071 | BF22: 10.32075 | BG22: 10.32088 | BH22: 10.32094 | BI22: 10.32102 | BJ22: 10.32106 | BK22: 10.32103 | BL22: 10.32099 | BM22: 10.32093 | BN22: 10.32086 | BO22: 10.3212 | BP22: 10.32135 | BQ22: 10.32131 | BR22: 10.32146 | BS22: 10.32145 | BT22: 10.32135 | BU22: 10.32131 | BV22: 10.32127 | BW22: 10.32119 | BX22: 10.3211 | BY22: 10.32093 | BZ22: 10.3211 | CA22: 10.32106 | CB22: 10.32117 | CC22: 10.32109 | CD22: 10.32102 | CE22: 10.32094 | CF22: 10.3209 | CG22: 10.32085 | CH22: 10.32091 | CI22: 10.32095 | CJ22: 10.32087 | CK22: 10.32119 | CL22: 10.3215 | CM22: 10.32156 | CN22: 10.32144 | CO22: 10.32139 | CP22: 10.32136 | CQ22: 10.3214 | CR22: 10.32129 | CS22: 10.32146 | CT22: 10.32137 | CU22: 10.32137 | CV22: 10.32125 | CW22: 10.32128 | CX22: 10.32136 | CY22: 10.32123 | CZ22: 10.32117 | DA22: 10.32129 | DB22: 10.32123 | DC22: 10.32109 | DD22: 10.32089 | DE22: 10.321 | DF22: 10.32105 | DG22: 10.3211 | DH22: 10.32152 | DI22: 10.32133 | DJ22: 10.3215 | DK22: 10.32155 | DL22: 10.32145 | DM22: 10.32157 | DN22: 10.32167 | DO22: 10.32142 | DP22: 10.32157 | DQ22: 10.32157 | DR22: 10.32137 | DS22: 10.32164 | DT22: 10.3216 | DU22: 10.32146 | DV22: 10.32166 | DW22: 10.32166 | DX22: 10.32162 | DY22: 10.32163 | EA22: YJGS11.1 | EB22: 10.58192 | EC22: 10.58176 | ED22: 10.58147 | EE22: 10.58183 | EF22: 10.58207 | EG22: 10.5824 | EH22: 10.58237 | EI22: 10.58206 | EJ22: 10.5817 | EK22: 10.58193 | EL22: 10.58199 | EM22: 10.32162 | EN22: 10.58236 | EO22: 10.58213 | EP22: 10.58188 | EQ22: 10.58232 | ER22: 10.58197 | ES22: 10.58206 | ET22: 10.32157 | EU22: 10.58209 | EV22: 10.58207 | EW22: 10.58207 | EX22: 10.58169 | EY22: 10.58209 | EZ22: 10.58235 | FA22: 10.3214 | FB22: 10.58227 | FC22: 10.58191 | FD22: 10.58156 | FE22: 10.5819 | FF22: 10.58212 | FG22: 10.32158 | FH22: 10.58204 | FI22: 10.58214 | FJ22: 10.5824 | FK22: 10.58211 | FL22: 10.58183 | FM22: 10.32151 | FN22: 10.58161 | FO22: 10.58197 | FP22: 10.58215 | FQ22: 10.5822 | FR22: 10.58203 | FS22: 10.58187 | FT22: 10.58182 | FU22: 10.32154 | FV22: 10.58205 | FW22: 10.58208 | FX22: 10.32157 | FY22: 10.58198 | FZ22: 10.58179 | GA22: 10.58184 | GB22: 10.58163 | GC22: 10.58179 | GD22: 10.58167
A23: YJGC12-1 | B23: 10.34165 | C23: 10.34161 | D23: 10.34161 | E23: 10.34164 | F23: 10.34156 | G23: 10.34159 | H23: 10.34159 | I23: 10.34161 | J23: 10.34157 | K23: 10.34155 | L23: 10.34163 | M23: 10.34156 | N23: 10.34179 | O23: 10.34156 | P23: 10.3464 | Q23: 10.34646 | R23: 10.346226 | S23: 10.3457 | T23: 10.34564 | U23: 10.34583 | V23: 10.34583 | W23: 10.3474 | X23: 10.34732 | Y23: 10.34736 | Z23: 10.3474 | AA23: 10.34695 | AB23: 10.3465 | AC23: 10.34644 | AD23: 10.34637 | AE23: 10.34719 | AF23: 10.348 | AG23: 10.34801 | AH23: 10.34801 | AI23: 10.34786 | AJ23: 10.3477 | AK23: 10.34755 | AL23: 10.3477 | AM23: 10.34768 | AN23: 10.34766 | AO23: 10.34776 | AP23: 10.34785 | AQ23: 10.34786 | AR23: 10.34798 | AS23: 10.34811 | AT23: 10.3481 | AU23: 10.34811 | AV23: 10.34823 | AW23: 10.34818 | AX23: 10.34843 | AY23: 10.34835 | AZ23: 10.34832 | BA23: 10.34851 | BB23: 10.34847 | BC23: 10.34833 | BD23: 10.34857 | BE23: 10.34847 | BF23: 10.34859 | BG23: 10.34859 | BH23: 10.34859 | BI23: 10.34845 | BJ23: 10.34839 | BK23: 10.34831 | BL23: 10.34822 | BM23: 10.34829 | BN23: 10.34835 | BO23: 10.34925 | BP23: 10.34964 | BQ23: 10.34974 | BR23: 10.34963 | BS23: 10.34957 | BT23: 10.34954 | BU23: 10.34957 | BV23: 10.34959 | BW23: 10.3493 | BX23: 10.349 | BY23: 10.34897 | BZ23: 10.34886 | CA23: 10.34888 | CB23: 10.34896 | CC23: 10.34904 | CD23: 10.34877 | CE23: 10.34875 | CF23: 10.3488 | CG23: 10.34862 | CH23: 10.34885 | CI23: 10.34873 | CJ23: 10.34889 | CK23: 10.34875 | CL23: 10.3486 | CM23: 10.34866 | CN23: 10.34855 | CO23: 10.34864 | CP23: 10.34841 | CQ23: 10.34829 | CR23: 10.34827 | CS23: 10.34823 | CT23: 10.34838 | CU23: 10.34829 | CV23: 10.34825 | CW23: 10.34844 | CX23: 10.34821 | CY23: 10.34803 | CZ23: 10.34812 | DA23: 10.34792 | DB23: 10.34789 | DC23: 10.34804 | DD23: 10.34803 | DE23: 10.34812 | DF23: 10.34851 | DG23: 10.3488 | DH23: 10.3484 | DI23: 10.34849 | DJ23: 10.34838 | DK23: 10.34833 | DL23: 10.34837 | DM23: 10.34835 | DN23: 10.34834 | DO23: 10.34845 | DP23: 10.34851 | DQ23: 10.34843 | DR23: 10.34854 | DS23: 10.34841 | DT23: 10.34836 | DU23: 10.34838 | DV23: 10.3485 | DW23: 10.34828 | DX23: 10.34854 | DY23: 10.34831 | EA23: YJGS12.1 | EB23: 10.57773 | EC23: 10.57756 | ED23: 10.57722 | EE23: 10.57769 | EF23: 10.57806 | EG23: 10.57828 | EH23: 10.57809 | EI23: 10.57812 | EJ23: 10.57793 | EK23: 10.57825 | EL23: 10.57788 | EM23: 10.34826 | EN23: 10.57823 | EO23: 10.57822 | EP23: 10.5784 | EQ23: 10.5781 | ER23: 10.57822 | ES23: 10.57832 | ET23: 10.34849 | EU23: 10.57834 | EV23: 10.57839 | EW23: 10.57841 | EX23: 10.5785 | EY23: 10.57885 | EZ23: 10.57895 | FA23: 10.34844 | FB23: 10.57868 | FC23: 10.57848 | FD23: 10.57861 | FE23: 10.57831 | FF23: 10.5783 | FG23: 10.34854 | FH23: 10.57792 | FI23: 10.57766 | FJ23: 10.57728 | FK23: 10.57733 | FL23: 10.57734 | FM23: 10.34843 | FN23: 10.57765 | FO23: 10.57762 | FP23: 10.57726 | FQ23: 10.57704 | FR23: 10.57747 | FS23: 10.57739 | FT23: 10.57721 | FU23: 10.34851 | FV23: 10.57722 | FW23: 10.57721 | FX23: 10.34852 | FY23: 10.57724 | FZ23: 10.57716 | GA23: 10.57736 | GB23: 10.57717 | GC23: 10.57716 | GD23: 10.57751
A24: YJGC13-1 | B24: 10.34755 | C24: 10.34748 | D24: 10.34754 | E24: 10.34752 | F24: 10.34752 | G24: 10.34749 | H24: 10.34741 | I24: 10.34751 | J24: 10.34748 | K24: 10.34752 | L24: 10.34753 | M24: 10.34749 | N24: 10.34759 | O24: 10.34749 | P24: 10.35249 | Q24: 10.35249 | R24: 10.352719 | S24: 10.35249 | T24: 10.35251 | U24: 10.35245 | V24: 10.35251 | W24: 10.35308 | X24: 10.35299 | Y24: 10.35286 | Z24: 10.35272 | AA24: 10.45481 | AB24: 10.5569 | AC24: 10.5569 | AD24: 10.5569 | AE24: 10.5575 | AF24: 10.5581 | AG24: 10.55806 | AH24: 10.55801 | AI24: 10.55796 | AJ24: 10.5579 | AK24: 10.55808 | AL24: 10.55808 | AM24: 10.55769 | AN24: 10.5573 | AO24: 10.5577 | AP24: 10.5581 | AQ24: 10.55819 | AR24: 10.55803 | AS24: 10.55817 | AT24: 10.55784 | AU24: 10.55788 | AV24: 10.55773 | AW24: 10.55787 | AX24: 10.55769 | AY24: 10.55772 | AZ24: 10.55785 | BA24: 10.55765 | BB24: 10.55763 | BC24: 10.55758 | BD24: 10.55752 | BE24: 10.55752 | BF24: 10.55787 | BG24: 10.55814 | BH24: 10.55825 | BI24: 10.55831 | BJ24: 10.55833 | BK24: 10.55835 | BL24: 10.55836 | BM24: 10.55838 | BN24: 10.55839 | BO24: 10.55903 | BP24: 10.55931 | BQ24: 10.55938 | BR24: 10.5594 | BS24: 10.55929 | BT24: 10.55944 | BU24: 10.55896 | BV24: 10.55848 | BW24: 10.55859 | BX24: 10.5587 | BY24: 10.55856 | BZ24: 10.55853 | CA24: 10.55845 | CB24: 10.55835 | CC24: 10.55819 | CD24: 10.55826 | CE24: 10.55873 | CF24: 10.5592 | CG24: 10.55923 | CH24: 10.559 | CI24: 10.55883 | CJ24: 10.55888 | CK24: 10.55884 | CL24: 10.5588 | CM24: 10.55885 | CN24: 10.55875 | CO24: 10.55878 | CP24: 10.5588 | CQ24: 10.55865 | CR24: 10.55878 | CS24: 10.5588 | CT24: 10.55886 | CU24: 10.55886 | CV24: 10.5586 | CW24: 10.55864 | CX24: 10.55885 | CY24: 10.55877 | CZ24: 10.55882 | DA24: 10.55868 | DB24: 10.55857 | DC24: 10.55887 | DD24: 10.55891 | DE24: 10.55897 | DF24: 10.55884 | DG24: 10.5587 | DH24: 10.55854 | DI24: 10.55871 | DJ24: 10.55846 | DK24: 10.55854 | DL24: 10.55869 | DM24: 10.55848 | DN24: 10.55859 | DO24: 10.55842 | DP24: 10.55856 | DQ24: 10.55866 | DR24: 10.55868 | DS24: 10.55856 | DT24: 10.55849 | DU24: 10.55858 | DV24: 10.55839 | DW24: 10.55865 | DX24: 10.55861 | DY24: 10.55862 | EA24: YJGS13.1 | EB24: 10.59047 | EC24: 10.59039 | ED24: 10.59 | EE24: 10.59044 | EF24: 10.59086 | EG24: 10.59116 | EH24: 10.59099 | EI24: 10.5906 | EJ24: 10.59033 | EK24: 10.5902 | EL24: 10.58999 | EM24: 10.55846 | EN24: 10.59024 | EO24: 10.59051 | EP24: 10.59032 | EQ24: 10.59015 | ER24: 10.59021 | ES24: 10.58984 | ET24: 10.55839 | EU24: 10.58989 | EV24: 10.58978 | EW24: 10.58982 | EX24: 10.59014 | EY24: 10.59004 | EZ24: 10.59007 | FA24: 10.55843 | FB24: 10.59028 | FC24: 10.5902 | FD24: 10.59024 | FE24: 10.59064 | FF24: 10.59109 | FG24: 10.55852 | FH24: 10.59068 | FI24: 10.59049 | FJ24: 10.59014 | FK24: 10.58994 | FL24: 10.58992 | FM24: 10.55844 | FN24: 10.59006 | FO24: 10.58994 | FP24: 10.58981 | FQ24: 10.58988 | FR24: 10.59003 | FS24: 10.59001 | FT24: 10.59006 | FU24: 10.55864 | FV24: 10.58997 | FW24: 10.59009 | FX24: 10.55852 | FY24: 10.58978 | FZ24: 10.59006 | GA24: 10.59006 | GB24: 10.59019 | GC24: 10.59006 | GD24: 10.58996
A25: YJGC14-1 | B25: 10.3871 | C25: 10.38708 | D25: 10.38704 | E25: 10.38705 | F25: 10.38705 | G25: 10.38703 | H25: 10.38696 | I25: 10.38703 | J25: 10.38707 | K25: 10.38698 | L25: 10.3871 | M25: 10.38708 | N25: 10.38705 | O25: 10.38708 | P25: 10.3927 | Q25: 10.39274 | R25: 10.392825 | S25: 10.39275 | T25: 10.39237 | U25: 10.39282 | V25: 10.39284 | W25: 10.3934 | X25: 10.3934 | Y25: 10.39326 | Z25: 10.39311 | AA25: 10.39336 | AB25: 10.3936 | AC25: 10.39368 | AD25: 10.39375 | AE25: 10.39398 | AF25: 10.3942 | AG25: 10.39428 | AH25: 10.39435 | AI25: 10.39439 | AJ25: 10.39442 | AK25: 10.39435 | AL25: 10.39438 | AM25: 10.39444 | AN25: 10.39449 | AO25: 10.39445 | AP25: 10.3944 | AQ25: 10.39437 | AR25: 10.39457 | AS25: 10.39477 | AT25: 10.39453 | AU25: 10.39446 | AV25: 10.3944 | AW25: 10.39452 | AX25: 10.39459 | AY25: 10.39452 | AZ25: 10.39455 | BA25: 10.39469 | BB25: 10.39472 | BC25: 10.39446 | BD25: 10.39467 | BE25: 10.39462 | BF25: 10.39447 | BG25: 10.39458 | BH25: 10.39463 | BI25: 10.39457 | BJ25: 10.39454 | BK25: 10.39462 | BL25: 10.39469 | BM25: 10.39471 | BN25: 10.39472 | BO25: 10.3954 | BP25: 10.39569 | BQ25: 10.39564 | BR25: 10.39573 | BS25: 10.39568 | BT25: 10.39554 | BU25: 10.39507 | BV25: 10.3946 | BW25: 10.39463 | BX25: 10.39466 | BY25: 10.39468 | BZ25: 10.39475 | CA25: 10.39481 | CB25: 10.39476 | CC25: 10.39482 | CD25: 10.39475 | CE25: 10.39468 | CF25: 10.39482 | CG25: 10.39463 | CH25: 10.39467 | CI25: 10.39474 | CJ25: 10.39473 | CK25: 10.635 | CL25: 10.635 | CM25: 10.6351 | CN25: 10.6349 | CO25: 10.63465 | CP25: 10.6344 | CQ25: 10.63449 | CR25: 10.63425 | CS25: 10.63438 | CT25: 10.63435 | CU25: 10.63448 | CV25: 10.63447 | CW25: 10.63441 | CX25: 10.63449 | CY25: 10.6342 | CZ25: 10.63428 | DA25: 10.63403 | DB25: 10.634 | DC25: 10.63403 | DD25: 10.63427 | DE25: 10.6345 | DF25: 10.63435 | DG25: 10.6342 | DH25: 10.63422 | DI25: 10.6342 | DJ25: 10.63411 | DK25: 10.63418 | DL25: 10.63413 | DM25: 10.63416 | DN25: 10.63411 | DO25: 10.63428 | DP25: 10.63412 | DQ25: 10.63419 | DR25: 10.63415 | DS25: 10.63419 | DT25: 10.63419 | DU25: 10.63411 | DV25: 10.63423 | DW25: 10.63424 | DX25: 10.63421 | DY25: 10.63425 | EA25: YJGS14.1 | EB25: 10.61287 | EC25: 10.61266 | ED25: 10.61243 | EE25: 10.61292 | EF25: 10.613 | EG25: 10.6133 | EH25: 10.61292 | EI25: 10.61252 | EJ25: 10.613 | EK25: 10.61333 | EL25: 10.61322 | EM25: 10.63409 | EN25: 10.61328 | EO25: 10.61319 | EP25: 10.61316 | EQ25: 10.61313 | ER25: 10.61331 | ES25: 10.61293 | ET25: 10.63422 | EU25: 10.61268 | EV25: 10.6125 | EW25: 10.61232 | EX25: 10.61221 | EY25: 10.61232 | EZ25: 10.61242 | FA25: 10.63431 | FB25: 10.61238 | FC25: 10.61277 | FD25: 10.61286 | FE25: 10.61294 | FF25: 10.61281 | FG25: 10.6342 | FH25: 10.61279 | FI25: 10.6132 | FJ25: 10.61282 | FK25: 10.61298 | FL25: 10.613 | FM25: 10.63419 | FN25: 10.61292 | FO25: 10.61322 | FP25: 10.61318 | FQ25: 10.61325 | FR25: 10.61326 | FS25: 10.61298 | FT25: 10.61293 | FU25: 10.63435 | FV25: 10.61292 | FW25: 10.6128 | FX25: 10.63413 | FY25: 10.61276 | FZ25: 10.61268 | GA25: 10.61255 | GB25: 10.61271 | GC25: 10.61248 | GD25: 10.61254
A26: YJGC15-1 | B26: 10.40155 | C26: 10.40143 | D26: 10.40149 | E26: 10.40155 | F26: 10.40156 | G26: 10.40152 | H26: 10.40142 | I26: 10.40152 | J26: 10.40152 | K26: 10.40145 | L26: 10.4015 | M26: 10.4014 | N26: 10.40133 | O26: 10.4014 | P26: 10.4078 | Q26: 10.40784 | R26: 10.40791 | S26: 10.40785 | T26: 10.40783 | U26: 10.40802 | V26: 10.40796 | W26: 10.40835 | X26: 10.40841 | Y26: 10.40828 | Z26: 10.40815 | AA26: 10.40818 | AB26: 10.4082 | AC26: 10.40827 | AD26: 10.40833 | AE26: 10.40857 | AF26: 10.4088 | AG26: 10.40884 | AH26: 10.40887 | AI26: 10.40892 | AJ26: 10.40897 | AK26: 10.40898 | AL26: 10.40898 | AM26: 10.40889 | AN26: 10.4088 | AO26: 10.40881 | AP26: 10.40881 | AQ26: 10.40884 | AR26: 10.40883 | AS26: 10.40886 | AT26: 10.40881 | AU26: 10.40872 | AV26: 10.40886 | AW26: 10.409 | AX26: 10.40902 | AY26: 10.40892 | AZ26: 10.40895 | BA26: 10.40893 | BB26: 10.40909 | BC26: 10.40896 | BD26: 10.40908 | BE26: 10.40884 | BF26: 10.40914 | BG26: 10.40919 | BH26: 10.40921 | BI26: 10.40927 | BJ26: 10.40929 | BK26: 10.40932 | BL26: 10.40934 | BM26: 10.40926 | BN26: 10.40918 | BO26: 10.41008 | BP26: 10.41047 | BQ26: 10.41061 | BR26: 10.41043 | BS26: 10.41024 | BT26: 10.4103 | BU26: 10.41024 | BV26: 10.41017 | BW26: 10.41012 | BX26: 10.41007 | BY26: 10.40993 | BZ26: 10.40989 | CA26: 10.40993 | CB26: 10.40978 | CC26: 10.40969 | CD26: 10.40962 | CE26: 10.40949 | CF26: 10.40954 | CG26: 10.40938 | CH26: 10.40951 | CI26: 10.40937 | CJ26: 10.40952 | CK26: 10.6447 | CL26: 10.6447 | CM26: 10.64471 | CN26: 10.64454 | CO26: 10.64437 | CP26: 10.6442 | CQ26: 10.64427 | CR26: 10.64404 | CS26: 10.6442 | CT26: 10.64421 | CU26: 10.64413 | CV26: 10.64418 | CW26: 10.64429 | CX26: 10.64415 | CY26: 10.6442 | CZ26: 10.64415 | DA26: 10.64405 | DB26: 10.64412 | DC26: 10.64416 | DD26: 10.64398 | DE26: 10.6438 | DF26: 10.6439 | DG26: 10.644 | DH26: 10.64412 | DI26: 10.64398 | DJ26: 10.64403 | DK26: 10.64412 | DL26: 10.64422 | DM26: 10.64411 | DN26: 10.64418 | DO26: 10.64407 | DP26: 10.64419 | DQ26: 10.644 | DR26: 10.64424 | DS26: 10.64418 | DT26: 10.64427 | DU26: 10.64423 | DV26: 10.64421 | DW26: 10.64414 | DX26: 10.64423 | DY26: 10.64416 | EA26: YJGS15.1 | EB26: 10.61619 | EC26: 10.61603 | ED26: 10.61577 | EE26: 10.61624 | EF26: 10.61585 | EG26: 10.6155 | EH26: 10.61577 | EI26: 10.61606 | EJ26: 10.61608 | EK26: 10.61626 | EL26: 10.61597 | EM26: 10.64408 | EN26: 10.61625 | EO26: 10.61629 | EP26: 10.61637 | EQ26: 10.61647 | ER26: 10.61684 | ES26: 10.61645 | ET26: 10.64426 | EU26: 10.61627 | EV26: 10.61615 | EW26: 10.61639 | EX26: 10.61623 | EY26: 10.61594 | EZ26: 10.61628 | FA26: 10.64417 | FB26: 10.61632 | FC26: 10.61665 | FD26: 10.61651 | FE26: 10.61637 | FF26: 10.61642 | FG26: 10.64397 | FH26: 10.61651 | FI26: 10.61665 | FJ26: 10.61642 | FK26: 10.61599 | FL26: 10.61583 | FM26: 10.64409 | FN26: 10.61609 | FO26: 10.61637 | FP26: 10.61622 | FQ26: 10.61611 | FR26: 10.61603 | FS26: 10.61642 | FT26: 10.61649 | FU26: 10.64423 | FV26: 10.61613 | FW26: 10.61591 | FX26: 10.64417 | FY26: 10.616 | FZ26: 10.61626 | GA26: 10.61614 | GB26: 10.61607 | GC26: 10.61626 | GD26: 10.61597
A27: YJGC16-1 | B27: 10.39285 | C27: 10.39274 | D27: 10.39277 | E27: 10.39285 | F27: 10.39278 | G27: 10.3927 | H27: 10.39271 | I27: 10.39281 | J27: 10.39271 | K27: 10.39278 | L27: 10.39281 | M27: 10.39276 | N27: 10.39296 | O27: 10.39276 | P27: 10.39976 | Q27: 10.39979 | R27: 10.400208 | S27: 10.39979 | T27: 10.39969 | U27: 10.39991 | V27: 10.39989 | W27: 10.6121 | X27: 10.61227 | Y27: 10.61204 | Z27: 10.61181 | AA27: 10.61163 | AB27: 10.61145 | AC27: 10.61128 | AD27: 10.6111 | AE27: 10.612 | AF27: 10.6129 | AG27: 10.61244 | AH27: 10.61198 | AI27: 10.61195 | AJ27: 10.61191 | AK27: 10.61206 | AL27: 10.61175 | AM27: 10.61168 | AN27: 10.6116 | AO27: 10.612 | AP27: 10.6124 | AQ27: 10.6124 | AR27: 10.61245 | AS27: 10.61239 | AT27: 10.61226 | AU27: 10.61235 | AV27: 10.61227 | AW27: 10.61243 | AX27: 10.61232 | AY27: 10.61226 | AZ27: 10.61245 | BA27: 10.61241 | BB27: 10.61247 | BC27: 10.61225 | BD27: 10.61245 | BE27: 10.61219 | BF27: 10.61251 | BG27: 10.61306 | BH27: 10.6133 | BI27: 10.61324 | BJ27: 10.61321 | BK27: 10.61327 | BL27: 10.61332 | BM27: 10.6133 | BN27: 10.61327 | BO27: 10.61403 | BP27: 10.61436 | BQ27: 10.61418 | BR27: 10.61441 | BS27: 10.61435 | BT27: 10.61424 | BU27: 10.61387 | BV27: 10.6135 | BW27: 10.61385 | BX27: 10.6142 | BY27: 10.61402 | BZ27: 10.6143 | CA27: 10.61412 | CB27: 10.61422 | CC27: 10.61424 | CD27: 10.61411 | CE27: 10.61421 | CF27: 10.6143 | CG27: 10.61415 | CH27: 10.61439 | CI27: 10.61424 | CJ27: 10.61425 | CK27: 10.61438 | CL27: 10.6145 | CM27: 10.61454 | CN27: 10.61455 | CO27: 10.61428 | CP27: 10.614 | CQ27: 10.61384 | CR27: 10.61401 | CS27: 10.61382 | CT27: 10.614 | CU27: 10.61395 | CV27: 10.6139 | CW27: 10.61405 | CX27: 10.61386 | CY27: 10.614 | CZ27: 10.61389 | DA27: 10.61401 | DB27: 10.61384 | DC27: 10.6141 | DD27: 10.61385 | DE27: 10.6136 | DF27: 10.61325 | DG27: 10.6129 | DH27: 10.61287 | DI27: 10.61276 | DJ27: 10.613 | DK27: 10.61273 | DL27: 10.61285 | DM27: 10.61296 | DN27: 10.6129 | DO27: 10.61283 | DP27: 10.61283 | DQ27: 10.61285 | DR27: 10.61289 | DS27: 10.61283 | DT27: 10.61284 | DU27: 10.61279 | DV27: 10.61297 | DW27: 10.61291 | DX27: 10.61292 | DY27: 10.6129 | EA27: YJGS16.1 | EB27: 10.61601 | EC27: 10.61569 | ED27: 10.61547 | EE27: 10.61588 | EF27: 10.61628 | EG27: 10.61621 | EH27: 10.61582 | EI27: 10.61564 | EJ27: 10.61585 | EK27: 10.61556 | EL27: 10.61554 | EM27: 10.61276 | EN27: 10.61548 | EO27: 10.61578 | EP27: 10.61583 | EQ27: 10.61585 | ER27: 10.61604 | ES27: 10.61594 | ET27: 10.61276 | EU27: 10.61535 | EV27: 10.61541 | EW27: 10.61565 | EX27: 10.61602 | EY27: 10.61614 | EZ27: 10.61607 | FA27: 10.61296 | FB27: 10.61649 | FC27: 10.61649 | FD27: 10.61657 | FE27: 10.6165 | FF27: 10.61607 | FG27: 10.61279 | FH27: 10.61594 | FI27: 10.616 | FJ27: 10.61556 | FK27: 10.61565 | FL27: 10.61558 | FM27: 10.61302 | FN27: 10.61559 | FO27: 10.61555 | FP27: 10.61565 | FQ27: 10.61588 | FR27: 10.6162 | FS27: 10.61597 | FT27: 10.61552 | FU27: 10.61289 | FV27: 10.61549 | FW27: 10.61537 | FX27: 10.61297 | FY27: 10.61575 | FZ27: 10.6155 | GA27: 10.61549 | GB27: 10.61551 | GC27: 10.6155 | GD27: 10.61565
... A42: YJGC27-2 | B42: 10.4867 | C42: 10.48656 | D42: 10.48661 | E42: 10.48662 | F42: 10.48657 | G42: 10.48669 | H42: 10.4866 | I42: 10.4867 | J42: 10.48662 | K42: 10.48666 | L42: 10.4866 | M42: 10.48647 | N42: 10.48645 | O42: 10.48647 | P42: 10.4913 | Q42: 10.49144 | R42: 10.49147 | S42: 10.49025 | T42: 10.49028 | U42: 10.49019 | V42: 10.49036 | W42: 10.4926 | X42: 10.49266 | Y42: 10.49233 | Z42: 10.492 | AA42: 10.49225 | AB42: 10.4925 | AC42: 10.49251 | AD42: 10.49252 | AE42: 10.49251 | AF42: 10.4925 | AG42: 10.49253 | AH42: 10.49255 | AI42: 10.49273 | AJ42: 10.49253 | AK42: 10.49254 | AL42: 10.4927 | AM42: 10.49278 | AN42: 10.49285 | AO42: 10.49333 | AP42: 10.4938 | AQ42: 10.4936 | AR42: 10.49379 | AS42: 10.49393 | AT42: 10.49363 | AU42: 10.49378 | AV42: 10.4936 | AW42: 10.49377 | AX42: 10.49341 | AY42: 10.49323 | AZ42: 10.49332 | BA42: 10.49332 | BB42: 10.49321 | BC42: 10.49348 | BD42: 10.49352 | BE42: 10.49337 | BF42: 10.49352 | BG42: 10.49334 | BH42: 10.49326 | BI42: 10.49319 | BJ42: 10.49316 | BK42: 10.49312 | BL42: 10.49307 | BM42: 10.4931 | BN42: 10.49313 | BO42: 10.49379 | BP42: 10.49407 | BQ42: 10.49417 | BR42: 10.4939 | BS42: 10.49371 | BT42: 10.49382 | BU42: 10.49384 | BV42: 10.49385 | BW42: 10.49418 | BX42: 10.4945 | BY42: 10.49443 | BZ42: 10.49437 | CA42: 10.49437 | CB42: 10.49423 | CC42: 10.49412 | CD42: 10.49433 | CE42: 10.49436 | CF42: 10.4942 | CG42: 10.49424 | CH42: 10.49405 | CI42: 10.49413 | CJ42: 10.49403 | CK42: 10.49412 | CL42: 10.4942 | CM42: 10.49428 | CN42: 10.49427 | CO42: 10.49409 | CP42: 10.49436 | CQ42: 10.49444 | CR42: 10.49436 | CS42: 10.49428 | CT42: 10.49418 | CU42: 10.49423 | CV42: 10.49441 | CW42: 10.4944 | CX42: 10.49436 | CY42: 10.49423 | CZ42: 10.49418 | DA42: 10.49408 | DB42: 10.49454 | DC42: 10.495 | DD42: 10.49491 | DE42: 10.49482 | DF42: 10.49474 | DG42: 10.49477 | DH42: 10.49477 | DI42: 10.49474 | DJ42: 10.49462 | DK42: 10.49469 | DL42: 10.49462 | DM42: 10.4949 | DN42: 10.49479 | DO42: 10.49486 | DP42: 10.49474 | DQ42: 10.49467 | DR42: 10.4947 | DS42: 10.49485 | DT42: 10.49475 | DU42: 10.49463 | DV42: 10.49487 | DW42: 10.49463 | DX42: 10.49484 | DY42: 10.49472 | EA42: YJGS27.2 | EB42: 11.29863 | EC42: 11.29854 | ED42: 11.29857 | EE42: 11.29876 | EF42: 11.29872 | EG42: 11.29877 | EH42: 11.29862 | EI42: 11.29868 | EJ42: 11.29878 | EK42: 11.29873 | EL42: 11.29891 | EM42: 10.49469 | EN42: 11.29887 | EO42: 11.29917 | EP42: 11.29894 | EQ42: 11.29883 | ER42: 11.29901 | ES42: 11.29901 | ET42: 10.4949 | EU42: 11.29914 | EV42: 11.29898 | EW42: 11.29907 | EX42: 11.29898 | EY42: 11.29888 | EZ42: 11.29901 | FA42: 10.49491 | FB42: 11.29889 | FC42: 11.29899 | FD42: 11.29909 | FE42: 11.29918 | FF42: 11.29888 | FG42: 10.49464 | FH42: 11.29848 | FI42: 11.29813 | FJ42: 11.29822 | FK42: 11.29824 | FL42: 11.29823 | FM42: 10.49481 | FN42: 11.29836 | FO42: 11.29854 | FP42: 11.29886 | FQ42: 11.29905 | FR42: 11.2989 | FS42: 11.29907 | FT42: 11.29874 | FU42: 10.49471 | FV42: 11.29918 | FW42: 11.29885 | FX42: 10.4949 | FY42: 11.29918 | FZ42: 11.29889 | GA42: 11.29915 | GB42: 11.29879 | GC42: 11.29889 | GD42: 11.29916
A43: YJGC28-1 | B43: 10.5209 | C43: 10.52084 | D43: 10.52083 | E43: 10.52078 | F43: 10.52085 | G43: 10.52082 | H43: 10.5208 | I43: 10.52078 | J43: 10.52087 | K43: 10.5208 | L43: 10.5208 | M43: 10.5207 | N43: 10.52084 | O43: 10.5207 | P43: 10.525 | Q43: 10.52503 | R43: 10.525147 | S43: 10.52504 | T43: 10.52473 | U43: 10.52497 | V43: 10.5252 | W43: 10.5255 | X43: 10.52542 | Y43: 10.52537 | Z43: 10.52531 | AA43: 10.52601 | AB43: 10.5267 | AC43: 10.52661 | AD43: 10.52651 | AE43: 10.52611 | AF43: 10.5257 | AG43: 10.52576 | AH43: 10.52582 | AI43: 10.52597 | AJ43: 10.52599 | AK43: 10.52604 | AL43: 10.52603 | AM43: 10.526 | AN43: 10.52596 | AO43: 10.52643 | AP43: 10.5269 | AQ43: 10.52693 | AR43: 10.52676 | AS43: 10.52675 | AT43: 10.5267 | AU43: 10.5265 | AV43: 10.52666 | AW43: 10.52684 | AX43: 10.52665 | AY43: 10.52646 | AZ43: 10.52682 | BA43: 10.5267 | BB43: 10.52647 | BC43: 10.52657 | BD43: 10.5267 | BE43: 10.52684 | BF43: 10.5265 | BG43: 10.52671 | BH43: 10.5268 | BI43: 10.52667 | BJ43: 10.52662 | BK43: 10.52654 | BL43: 10.52645 | BM43: 10.52635 | BN43: 10.52625 | BO43: 10.52729 | BP43: 10.52773 | BQ43: 10.52782 | BR43: 10.52757 | BS43: 10.52754 | BT43: 10.52739 | BU43: 10.52742 | BV43: 10.52744 | BW43: 10.52777 | BX43: 10.5281 | BY43: 10.52802 | BZ43: 10.52798 | CA43: 10.52794 | CB43: 10.52783 | CC43: 10.52764 | CD43: 10.52783 | CE43: 10.52782 | CF43: 10.52785 | CG43: 10.5277 | CH43: 10.52783 | CI43: 10.52773 | CJ43: 10.5278 | CK43: 10.52775 | CL43: 10.52784 | CM43: 10.52771 | CN43: 10.52786 | CO43: 10.52794 | CP43: 10.52776 | CQ43: 10.52773 | CR43: 10.52757 | CS43: 10.52766 | CT43: 10.52784 | CU43: 10.52781 | CV43: 10.52775 | CW43: 10.52758 | CX43: 10.52773 | CY43: 10.52763 | CZ43: 10.52756 | DA43: 10.5275 | DB43: 10.5279 | DC43: 10.528 | DD43: 10.52793 | DE43: 10.52788 | DF43: 10.52772 | DG43: 10.52787 | DH43: 10.52742 | DI43: 10.52737 | DJ43: 10.52728 | DK43: 10.52735 | DL43: 10.5273 | DM43: 10.52753 | DN43: 10.52753 | DO43: 10.52738 | DP43: 10.5274 | DQ43: 10.52728 | DR43: 10.52757 | DS43: 10.52742 | DT43: 10.52745 | DU43: 10.52744 | DV43: 10.5275 | DW43: 10.52728 | DX43: 10.52728 | DY43: 10.52752 | EA43: YJGS28.1 | EB43: 10.81199 | EC43: 10.81185 | ED43: 10.81187 | EE43: 10.81207 | EF43: 10.81195 | EG43: 10.81207 | EH43: 10.81184 | EI43: 10.81188 | EJ43: 10.81199 | EK43: 10.81198 | EL43: 10.81219 | EM43: 10.52737 | EN43: 10.81226 | EO43: 10.81221 | EP43: 10.81239 | EQ43: 10.81224 | ER43: 10.81239 | ES43: 10.8123 | ET43: 10.52728 | EU43: 10.8125 | EV43: 10.81226 | EW43: 10.81245 | EX43: 10.81232 | EY43: 10.81224 | EZ43: 10.81229 | FA43: 10.52753 | FB43: 10.81222 | FC43: 10.81231 | FD43: 10.81246 | FE43: 10.81235 | FF43: 10.81211 | FG43: 10.52732 | FL43: 10.81214 | FM43: 10.52729 | FN43: 10.81209 | FO43: 10.8123 | FP43: 10.81238 | FQ43: 10.81243 | FR43: 10.81239 | FS43: 10.81238 | FT43: 10.81216 | FU43: 10.52747 | FV43: 10.81181 | FW43: 10.81167 | FX43: 10.52749 | FY43: 10.81177 | FZ43: 10.81169 | GA43: 10.81143 | GB43: 10.81173 | GC43: 10.81189 | GD43: 10.81234
A44: YJGC28-2 | B44: 10.588 | C44: 10.58788 | D44: 10.58792 | E44: 10.58798 | F44: 10.58785 | G44: 10.58793 | H44: 10.58796 | I44: 10.58794 | J44: 10.58795 | K44: 10.58787 | L44: 10.58799 | M44: 10.58796 | N44: 10.58805 | O44: 10.58796 | P44: 10.593 | Q44: 10.59305 | R44: 10.592685 | S44: 10.59199 | T44: 10.59163 | U44: 10.59211 | V44: 10.59198 | W44: 10.5934 | X44: 10.59343 | Y44: 10.59295 | Z44: 10.59246 | AA44: 10.59328 | AB44: 10.5941 | AC44: 10.59409 | AD44: 10.59408 | AE44: 10.59369 | AF44: 10.5933 | AG44: 10.5934 | AH44: 10.59349 | AI44: 10.59362 | AJ44: 10.59356 | AK44: 10.59351 | AL44: 10.59356 | AM44: 10.59362 | AN44: 10.59368 | AO44: 10.59404 | AP44: 10.5944 | AQ44: 10.59447 | AR44: 10.59423 | AS44: 10.59414 | AT44: 10.59424 | AU44: 10.59414 | AV44: 10.59406 | AW44: 10.59421 | AX44: 10.59422 | AY44: 10.59424 | AZ44: 10.5944 | BA44: 10.59427 | BB44: 10.5943 | BC44: 10.59416 | BD44: 10.59433 | BE44: 10.59403 | BF44: 10.59406 | BG44: 10.59421 | BH44: 10.59428 | BI44: 10.59429 | BJ44: 10.5943 | BK44: 10.59423 | BL44: 10.59416 | BM44: 10.59421 | BN44: 10.59426 | BO44: 10.59511 | BP44: 10.59548 | BQ44: 10.59548 | BR44: 10.59549 | BS44: 10.59555 | BT44: 10.5954 | BU44: 10.59531 | BV44: 10.59521 | BW44: 10.59546 | BX44: 10.5957 | BY44: 10.59555 | BZ44: 10.59573 | CA44: 10.59562 | CB44: 10.59566 | CC44: 10.59562 | CD44: 10.59547 | CE44: 10.59551 | CF44: 10.5953 | CG44: 10.59529 | CH44: 10.59538 | CI44: 10.59539 | CJ44: 10.59536 | CK44: 10.59558 | CL44: 10.5958 | CM44: 10.59577 | CN44: 10.59589 | CO44: 10.59587 | CP44: 10.59586 | CQ44: 10.59592 | CR44: 10.59589 | CS44: 10.59575 | CT44: 10.5957 | CU44: 10.59589 | CV44: 10.5957 | CW44: 10.59585 | CX44: 10.59595 | CY44: 10.59603 | CZ44: 10.59608 | DA44: 10.59612 | DB44: 10.59616 | DC44: 10.5962 | DD44: 10.59602 | DE44: 10.59627 | DF44: 10.59626 | DG44: 10.59612 | DH44: 10.59585 | DI44: 10.59574 | DJ44: 10.59587 | DK44: 10.59574 | DL44: 10.59591 | DM44: 10.59589 | DN44: 10.59578 | DO44: 10.59587 | DP44: 10.59576 | DQ44: 10.59577 | DR44: 10.59578 | DS44: 10.59597 | DT44: 10.59595 | DU44: 10.59584 | DV44: 10.59598 | DW44: 10.59578 | DX44: 10.59573 | DY44: 10.59597 | EA44: YJGS28.2 | EB44: 11.46963 | EC44: 11.46954 | ED44: 11.46957 | EE44: 11.46977 | EF44: 11.46972 | EG44: 11.46977 | EH44: 11.4696 | EI44: 11.46964 | EJ44: 11.46977 | EK44: 11.46972 | EL44: 11.4699 | EM44: 10.59588 | EN44: 11.46987 | EO44: 11.46979 | EP44: 11.46994 | EQ44: 11.46982 | ER44: 11.47001 | ES44: 11.47 | ET44: 10.59599 | EU44: 11.47009 | EV44: 11.46994 | EW44: 11.47006 | EX44: 11.46989 | EY44: 11.4698 | EZ44: 11.46987 | FA44: 10.59582 | FB44: 11.46978 | FC44: 11.46989 | FD44: 11.46998 | FE44: 11.46988 | FF44: 11.4698 | FG44: 10.59596 | FH44: 11.46991 | FI44: 11.46974 | FJ44: 11.46969 | FK44: 11.46957 | FL44: 11.46921 | FM44: 10.59598 | FN44: 11.46906 | FO44: 11.46893 | FP44: 11.46933 | FQ44: 11.46914 | FR44: 11.46936 | FS44: 11.46957 | FT44: 11.46982 | FU44: 10.59574 | FV44: 11.46959 | FW44: 11.47001 | FX44: 10.5959 | FY44: 11.47022 | FZ44: 11.47006 | GA44: 11.46968 | GB44: 11.46996 | GC44: 11.47006 | GD44: 11.46975
A45: YJGC29-1 | B45: 10.53395 | C45: 10.53391 | D45: 10.53387 | E45: 10.53381 | F45: 10.53395 | G45: 10.53389 | H45: 10.53394 | I45: 10.5339 | J45: 10.5339 | K45: 10.53386 | L45: 10.53396 | M45: 10.53388 | N45: 10.53406 | O45: 10.53388 | P45: 10.5368 | Q45: 10.53692 | R45: 10.536625 | S45: 10.5368 | T45: 10.53664 | U45: 10.53683 | V45: 10.5369 | W45: 10.5391 | X45: 10.53906 | Y45: 10.53867 | Z45: 10.53827 | AA45: 10.53814 | AB45: 10.538 | AC45: 10.53799 | AD45: 10.53797 | AE45: 10.53804 | AF45: 10.5381 | AG45: 10.53807 | AH45: 10.53804 | AI45: 10.53802 | AJ45: 10.53802 | AK45: 10.53802 | AL45: 10.53784 | AM45: 10.53774 | AN45: 10.53764 | AO45: 10.53802 | AP45: 10.5384 | AQ45: 10.5385 | AR45: 10.53859 | AS45: 10.53872 | AT45: 10.53871 | AU45: 10.53869 | AV45: 10.53871 | AW45: 10.53867 | AX45: 10.53871 | AY45: 10.5388 | AZ45: 10.53887 | BA45: 10.53885 | BB45: 10.53866 | BC45: 10.53891 | BD45: 10.53852 | BE45: 10.53864 | BF45: 10.53877 | BG45: 10.53875 | BH45: 10.53874 | BI45: 10.53871 | BJ45: 10.5387 | BK45: 10.53869 | BL45: 10.53868 | BM45: 10.53866 | BN45: 10.53863 | BO45: 10.53972 | BP45: 10.54018 | BQ45: 10.54007 | BR45: 10.54025 | BS45: 10.54017 | BT45: 10.54008 | BU45: 10.54008 | BV45: 10.54008 | BW45: 10.54024 | BX45: 10.5404 | BY45: 10.54025 | BZ45: 10.54033 | CA45: 10.54017 | CB45: 10.54037 | CC45: 10.54036 | CD45: 10.54044 | CE45: 10.54032 | CF45: 10.54026 | CG45: 10.54009 | CH45: 10.54016 | CI45: 10.54007 | CJ45: 10.54022 | CK45: 10.54051 | CL45: 10.5408 | CM45: 10.54088 | CN45: 10.54062 | CO45: 10.54058 | CP45: 10.54047 | CQ45: 10.54037 | CR45: 10.54033 | CS45: 10.54038 | CT45: 10.54057 | CU45: 10.54028 | CV45: 10.54037 | CW45: 10.5404 | CX45: 10.54055 | CY45: 10.5407 | CZ45: 10.5406 | DA45: 10.54074 | DB45: 10.54082 | DC45: 10.5409 | DD45: 10.54077 | DE45: 10.54077 | DF45: 10.5407 | DG45: 10.54082 | DH45: 10.54111 | DI45: 10.5412 | DJ45: 10.54103 | DK45: 10.54098 | DL45: 10.54125 | DM45: 10.54115 | DN45: 10.54104 | DO45: 10.54116 | DP45: 10.5412 | DQ45: 10.54119 | DR45: 10.5411 | DS45: 10.54124 | DT45: 10.54124 | DU45: 10.54097 | DV45: 10.54119 | DW45: 10.54102 | DX45: 10.54097 | DY45: 10.54111 | EA45: YJGS29.1 | EB45: 10.80518 | EC45: 10.80507 | ED45: 10.80509 | EE45: 10.80526 | EF45: 10.80519 | EG45: 10.80522 | EH45: 10.80505 | EI45: 10.80509 | EJ45: 10.80521 | EK45: 10.80522 | EL45: 10.80535 | EM45: 10.54098 | EN45: 10.80558 | EO45: 10.80559 | EP45: 10.80541 | EQ45: 10.80529 | ER45: 10.80544 | ES45: 10.80541 | ET45: 10.54104 | EU45: 10.80548 | EV45: 10.80534 | EW45: 10.80546 | EX45: 10.80522 | EY45: 10.80517 | EZ45: 10.80517 | FA45: 10.54103 | FB45: 10.80509 | FC45: 10.80516 | FD45: 10.80525 | FE45: 10.80519 | FF45: 10.80522 | FG45: 10.5412 | FH45: 10.80516 | FI45: 10.80499 | FJ45: 10.80493 | FK45: 10.80489 | FL45: 10.80496 | FM45: 10.541 | FN45: 10.80494 | FO45: 10.80496 | FP45: 10.80496 | FQ45: 10.80513 | FR45: 10.805 | FS45: 10.80502 | FT45: 10.8052 | FU45: 10.54106 | FV45: 10.80495 | FW45: 10.80463 | FX45: 10.54103 | FY45: 10.80498 | FZ45: 10.80483 | GA45: 10.80461 | GB45: 10.80472 | GC45: 10.80483 | GD45: 10.80488
A46: YJGC29-2 | B46: 10.6696 | C46: 10.66949 | D46: 10.66958 | E46: 10.66955 | F46: 10.66959 | G46: 10.66948 | H46: 10.66945 | I46: 10.66946 | J46: 10.66947 | K46: 10.6695 | L46: 10.66956 | M46: 10.66942 | N46: 10.66955 | O46: 10.66942 | P46: 10.6732 | Q46: 10.67329 | R46: 10.673426 | S46: 10.67329 | T46: 10.67301 | U46: 10.67335 | V46: 10.67327 | W46: 10.6752 | X46: 10.67511 | Y46: 10.67465 | Z46: 10.67418 | AA46: 10.67449 | AB46: 10.6748 | AC46: 10.67435 | AD46: 10.6739 | AE46: 10.6742 | AF46: 10.6745 | AG46: 10.67456 | AH46: 10.67462 | AI46: 10.67467 | AJ46: 10.67476 | AK46: 10.67465 | AL46: 10.6747 | AM46: 10.67461 | AN46: 10.67452 | AO46: 10.67501 | AP46: 10.6755 | AQ46: 10.67555 | AR46: 10.67557 | AS46: 10.67538 | AT46: 10.67545 | AU46: 10.67528 | AV46: 10.67539 | AW46: 10.67545 | AX46: 10.67545 | AY46: 10.67558 | AZ46: 10.67557 | BA46: 10.67552 | BB46: 10.67551 | BC46: 10.67535 | BD46: 10.67553 | BE46: 10.67535 | BF46: 10.67564 | BG46: 10.67545 | BH46: 10.67537 | BI46: 10.6753 | BJ46: 10.67527 | BK46: 10.6752 | BL46: 10.67512 | BM46: 10.67519 | BN46: 10.67525 | BO46: 10.67614 | BP46: 10.67652 | BQ46: 10.67669 | BR46: 10.67639 | BS46: 10.67627 | BT46: 10.67624 | BU46: 10.67622 | BV46: 10.6762 | BW46: 10.67655 | BX46: 10.6769 | BY46: 10.677 | BZ46: 10.677 | CA46: 10.67692 | CB46: 10.67707 | CC46: 10.67697 | CD46: 10.67713 | CE46: 10.67721 | CF46: 10.67705 | CG46: 10.67715 | CH46: 10.67701 | CI46: 10.67694 | CJ46: 10.67711 | CK46: 10.67706 | CL46: 10.677 | CM46: 10.67693 | CN46: 10.67691 | CO46: 10.67694 | CP46: 10.6768 | CQ46: 10.67668 | CR46: 10.67685 | CS46: 10.67684 | CT46: 10.6766 | CU46: 10.67681 | CV46: 10.67686 | CW46: 10.67673 | CX46: 10.67662 | CY46: 10.67654 | CZ46: 10.67636 | DA46: 10.67656 | DB46: 10.67693 | DC46: 10.6773 | DD46: 10.67729 | DE46: 10.67735 | DF46: 10.67745 | DG46: 10.67719 | DH46: 10.67749 | DI46: 10.67744 | DJ46: 10.67737 | DK46: 10.67764 | DL46: 10.67741 | DM46: 10.67738 | DN46: 10.67764 | DO46: 10.67752 | DP46: 10.67755 | DQ46: 10.67755 | DR46: 10.67751 | DS46: 10.67738 | DT46: 10.67753 | DU46: 10.67746 | DV46: 10.67745 | DW46: 10.6775 | DX46: 10.67749 | DY46: 10.67752 | EA46: YJGS29.2 | EB46: 11.38439 | EC46: 11.38431 | ED46: 11.38436 | EE46: 11.38451 | EF46: 11.3845 | EG46: 11.38452 | EH46: 11.38434 | EI46: 11.38444 | EJ46: 11.38457 | EK46: 11.38452 | EL46: 11.3847 | EM46: 10.67749 | EN46: 11.38469 | EO46: 11.38482 | EP46: 11.38468 | EQ46: 11.3846 | ER46: 11.38476 | ES46: 11.38473 | ET46: 10.6775 | EU46: 11.38482 | EV46: 11.38464 | EW46: 11.38473 | EX46: 11.38454 | EY46: 11.38443 | EZ46: 11.38451 | FA46: 10.67742 | FB46: 11.38436 | FC46: 11.38447 | FD46: 11.38457 | FE46: 11.38447 | FF46: 11.38456 | FG46: 10.67737 | FH46: 11.3846 | FI46: 11.38433 | FJ46: 11.38424 | FK46: 11.38438 | FL46: 11.38428 | FM46: 10.67742 | FN46: 11.38427 | FO46: 11.38429 | FP46: 11.3843 | FQ46: 11.38449 | FR46: 11.38434 | FS46: 11.38428 | FT46: 11.38407 | FU46: 10.67741 | FV46: 11.38404 | FW46: 11.38388 | FX46: 10.6775 | FY46: 11.38407 | FZ46: 11.38423 | GA46: 11.38411 | GB46: 11.38415 | GC46: 11.38423 | GD46: 11.38378
A47: YJGC30-1 | B47: 10.5632 | C47: 10.56311 | D47: 10.56312 | E47: 10.56315 | F47: 10.5632 | G47: 10.56314 | H47: 10.56305 | I47: 10.56306 | J47: 10.56315 | K47: 10.56307 | L47: 10.56318 | M47: 10.56311 | N47: 10.56318 | O47: 10.56311 | P47: 10.5664 | Q47: 10.5664 | R47: 10.566953 | S47: 10.56613 | T47: 10.56577 | U47: 10.5661 | V47: 10.5661 | W47: 10.5676 | X47: 10.56769 | Y47: 10.56773 | Z47: 10.56777 | AA47: 10.56779 | AB47: 10.5678 | AC47: 10.56778 | AD47: 10.56775 | AE47: 10.56733 | AF47: 10.5669 | AG47: 10.56696 | AH47: 10.56702 | AI47: 10.56715 | AJ47: 10.56721 | AK47: 10.56716 | AL47: 10.5673 | AM47: 10.5674 | AN47: 10.5675 | AO47: 10.56795 | AP47: 10.5684 | AQ47: 10.56822 | AR47: 10.56838 | AS47: 10.56828 | AT47: 10.56856 | AU47: 10.56853 | AV47: 10.56867 | AW47: 10.56852 | AX47: 10.56866 | AY47: 10.56866 | AZ47: 10.56871 | BA47: 10.5687 | BB47: 10.5686 | BC47: 10.56863 | BD47: 10.56877 | BE47: 10.56884 | BF47: 10.56853 | BG47: 10.5685 | BH47: 10.56849 | BI47: 10.56855 | BJ47: 10.56858 | BK47: 10.56857 | BL47: 10.56855 | BM47: 10.56854 | BN47: 10.56852 | BO47: 10.56898 | BP47: 10.56917 | BQ47: 10.56926 | BR47: 10.56935 | BS47: 10.56934 | BT47: 10.56923 | BU47: 10.56915 | BV47: 10.56907 | BW47: 10.56899 | BX47: 10.5689 | BY47: 10.5688 | BZ47: 10.56872 | CA47: 10.56863 | CB47: 10.56864 | CC47: 10.56864 | CD47: 10.56845 | CE47: 10.56854 | CF47: 10.56837 | CG47: 10.56843 | CH47: 10.56826 | CI47: 10.56825 | CJ47: 10.56831 | CK47: 10.56846 | CL47: 10.5686 | CM47: 10.56862 | CN47: 10.56856 | CO47: 10.56878 | CP47: 10.569 | CQ47: 10.56884 | CR47: 10.56892 | CS47: 10.56891 | CT47: 10.5688 | CU47: 10.56905 | CV47: 10.56886 | CW47: 10.56887 | CX47: 10.56884 | CY47: 10.56892 | CZ47: 10.56876 | DA47: 10.56884 | DB47: 10.56917 | DC47: 10.5695 | DD47: 10.56955 | DE47: 10.56947 | DF47: 10.5693 | DG47: 10.5693 | DH47: 10.56949 | DI47: 10.56946 | DJ47: 10.56951 | DK47: 10.56961 | DL47: 10.5695 | DM47: 10.56955 | DN47: 10.56938 | DO47: 10.56947 | DP47: 10.56937 | DQ47: 10.56954 | DR47: 10.56946 | DS47: 10.56952 | DT47: 10.56942 | DU47: 10.56941 | DV47: 10.56938 | DW47: 10.56936 | DX47: 10.56952 | DY47: 10.56941 | EA47: YJGS30.1 | EB47: 10.87381 | EC47: 10.87374 | ED47: 10.87374 | EE47: 10.87389 | EF47: 10.87376 | EG47: 10.87384 | EH47: 10.87364 | EI47: 10.87373 | EJ47: 10.87385 | EK47: 10.87382 | EL47: 10.87394 | EM47: 10.56957 | EN47: 10.87395 | EO47: 10.87376 | EP47: 10.87396 | EQ47: 10.87385 | ER47: 10.87395 | ES47: 10.87391 | ET47: 10.56961 | EU47: 10.87396 | EV47: 10.87379 | EW47: 10.8739 | EX47: 10.87394 | EY47: 10.87355 | EZ47: 10.87351 | FA47: 10.56961 | FB47: 10.87348 | FC47: 10.87356 | FD47: 10.87365 | FE47: 10.87352 | FF47: 10.87358 | FG47: 10.56938 | FH47: 10.87349 | FI47: 10.87332 | FJ47: 10.87327 | FK47: 10.87324 | FL47: 10.87326 | FM47: 10.56937 | FN47: 10.87331 | FO47: 10.87327 | FP47: 10.87327 | FQ47: 10.87343 | FR47: 10.87326 | FS47: 10.87355 | FT47: 10.87378 | FU47: 10.56954 | FV47: 10.87386 | FW47: 10.87413 | FX47: 10.5695 | FY47: 10.87428 | FZ47: 10.87434 | GA47: 10.87391 | GB47: 10.874 | GC47: 10.87434 | GD47: 10.87427
A48: YJGC30-2 | B48: 10.64975 | C48: 10.64961 | D48: 10.64964 | E48: 10.64972 | F48: 10.64967 | G48: 10.64965 | H48: 10.64962 | I48: 10.64968 | J48: 10.64963 | K48: 10.64962 | L48: 10.64975 | M48: 10.64965 | N48: 10.64985 | O48: 10.64965 | P48: 10.6528 | Q48: 10.65295 | R48: 10.652978 | S48: 10.65259 | T48: 10.65235 | U48: 10.65264 | V48: 10.65275 | W48: 10.6544 | X48: 10.65452 | Y48: 10.6541 | Z48: 10.65368 | AA48: 10.65404 | AB48: 10.6544 | AC48: 10.65444 | AD48: 10.65447 | AE48: 10.65404 | AF48: 10.6536 | AG48: 10.65365 | AH48: 10.65369 | AI48: 10.65383 | AJ48: 10.65387 | AK48: 10.65376 | AL48: 10.65372 | AM48: 10.65361 | AN48: 10.6535 | AO48: 10.65395 | AP48: 10.6544 | AQ48: 10.65442 | AR48: 10.65439 | AS48: 10.65425 | AT48: 10.6545 | AU48: 10.65458 | AV48: 10.65437 | AW48: 10.6542 | AX48: 10.65448 | AY48: 10.6544 | AZ48: 10.65436 | BA48: 10.65466 | BB48: 10.6546 | BC48: 10.6544 | BD48: 10.65429 | BE48: 10.65437 | BF48: 10.65436 | BG48: 10.65435 | BH48: 10.65435 | BI48: 10.65433 | BJ48: 10.65432 | BK48: 10.65433 | BL48: 10.65434 | BM48: 10.65425 | BN48: 10.65415 | BO48: 10.6551 | BP48: 10.65551 | BQ48: 10.65569 | BR48: 10.65557 | BS48: 10.65545 | BT48: 10.65555 | BU48: 10.6555 | BV48: 10.65545 | BW48: 10.65558 | BX48: 10.6557 | BY48: 10.65573 | BZ48: 10.65568 | CA48: 10.65563 | CB48: 10.65569 | CC48: 10.65568 | CD48: 10.65569 | CE48: 10.65585 | CF48: 10.656 | CG48: 10.65593 | CH48: 10.65609 | CI48: 10.65596 | CJ48: 10.6561 | CK48: 10.65575 | CL48: 10.6554 | CM48: 10.65537 | CN48: 10.65525 | CO48: 10.65533 | CP48: 10.6554 | CQ48: 10.65537 | CR48: 10.65535 | CS48: 10.65537 | CT48: 10.65534 | CU48: 10.65538 | CV48: 10.65531 | CW48: 10.65525 | CX48: 10.65537 | CY48: 10.65536 | CZ48: 10.65544 | DA48: 10.65531 | DB48: 10.65566 | DC48: 10.656 | DD48: 10.65589 | DE48: 10.6559 | DF48: 10.65578 | DG48: 10.65596 | DH48: 10.65628 | DI48: 10.65618 | DJ48: 10.65641 | DK48: 10.65624 | DL48: 10.65625 | DM48: 10.65613 | DN48: 10.65623 | DO48: 10.65635 | DP48: 10.65641 | DQ48: 10.65615 | DR48: 10.65617 | DS48: 10.65619 | DT48: 10.65618 | DU48: 10.65638 | DV48: 10.6564 | DW48: 10.65633 | DX48: 10.65621 | DY48: 10.65621 | EA48: YJGS30.2 | EB48: 10.79579 | EC48: 10.79569 | ED48: 10.79574 | EE48: 10.79591 | EF48: 10.79584 | EG48: 10.79586 | EH48: 10.79572 | EI48: 10.79577 | EJ48: 10.79588 | EK48: 10.79588 | EL48: 10.796 | EM48: 10.65629 | EN48: 10.79591 | EO48: 10.79575 | EP48: 10.79596 | EQ48: 10.79581 | ER48: 10.79594 | ES48: 10.79595 | ET48: 10.65628 | EU48: 10.79597 | EV48: 10.79583 | EW48: 10.79593 | EX48: 10.79564 | EY48: 10.79558 | EZ48: 10.79565 | FA48: 10.65622 | FB48: 10.79549 | FC48: 10.79558 | FD48: 10.79569 | FE48: 10.79558 | FF48: 10.79562 | FG48: 10.65622 | FH48: 10.7955 | FI48: 10.79537 | FJ48: 10.79531 | FK48: 10.79556 | FL48: 10.79535 | FM48: 10.65631 | FN48: 10.79536 | FO48: 10.79574 | FP48: 10.79532 | FQ48: 10.79546 | FR48: 10.79568 | FS48: 10.79591 | FT48: 10.7958 | FU48: 10.65627 | FV48: 10.79587 | FW48: 10.7958 | FX48: 10.65626 | FY48: 10.79609 | FZ48: 10.79591 | GA48: 10.79582 | GB48: 10.79594 | GC48: 10.79591 | GD48: 10.79576
A49: YJGC31-1 | B49: 10.6503 | C49: 10.65022 | D49: 10.6502 | E49: 10.65015 | F49: 10.65028 | G49: 10.65021 | H49: 10.6503 | I49: 10.6503 | J49: 10.65031 | K49: 10.65028 | L49: 10.65027 | M49: 10.65016 | N49: 10.65039 | O49: 10.65016 | P49: 10.653 | Q49: 10.65315 | R49: 10.652985 | S49: 10.65303 | T49: 10.65299 | U49: 10.6532 | V49: 10.65313 | W49: 10.655 | X49: 10.65494 | Y49: 10.65495 | Z49: 10.65495 | AA49: 10.65063 | AB49: 10.6463 | AC49: 10.64627 | AD49: 10.64623 | AE49: 10.64717 | AF49: 10.6481 | AG49: 10.64807 | AH49: 10.64804 | AI49: 10.64799 | AJ49: 10.64821 | AK49: 10.64821 | AL49: 10.64833 | AM49: 10.64831 | AN49: 10.64829 | AO49: 10.64875 | AP49: 10.6492 | AQ49: 10.64937 | AR49: 10.64908 | AS49: 10.64913 | AT49: 10.64925 | AU49: 10.64938 | AV49: 10.64944 | AW49: 10.64945 | AX49: 10.64941 | AY49: 10.64947 | AZ49: 10.64951 | BA49: 10.6493 | BB49: 10.64924 | BC49: 10.64936 | BD49: 10.64943 | BE49: 10.64939 | BF49: 10.64948 | BG49: 10.65344 | BH49: 10.65513 | BI49: 10.65526 | BJ49: 10.65531 | BK49: 10.65522 | BL49: 10.65513 | BM49: 10.65512 | BN49: 10.65511 | BO49: 10.65497 | BP49: 10.65491 | BQ49: 10.65494 | BR49: 10.65502 | BS49: 10.6551 | BT49: 10.655 | BU49: 10.6554 | BV49: 10.6555 | BW49: 10.65545 | BX49: 10.6554 | BY49: 10.65533 | BZ49: 10.65541 | CA49: 10.65547 | CB49: 10.65545 | CC49: 10.65532 | CD49: 10.65549 | CE49: 10.65585 | CF49: 10.6562 | CG49: 10.65601 | CH49: 10.65606 | CI49: 10.65592 | CJ49: 10.65613 | CK49: 10.65572 | CL49: 10.6553 | CM49: 10.65511 | CN49: 10.65526 | CO49: 10.65512 | CP49: 10.65511 | CQ49: 10.65501 | CR49: 10.65495 | CS49: 10.65519 | CT49: 10.655 | CU49: 10.65516 | CV49: 10.65503 | CW49: 10.65501 | CX49: 10.65493 | CY49: 10.6553 | CZ49: 10.65511 | DA49: 10.65519 | DB49: 10.6555 | DC49: 10.6558 | DD49: 10.6556 | DE49: 10.6554 | DF49: 10.65538 | DG49: 10.65544 | DH49: 10.65524 | DI49: 10.65506 | DJ49: 10.65526 | DK49: 10.65515 | DL49: 10.65511 | DM49: 10.65513 | DN49: 10.65519 | DO49: 10.6552 | DP49: 10.65509 | DQ49: 10.65521 | DR49: 10.65537 | DS49: 10.65537 | DT49: 10.65526 | DU49: 10.65535 | DV49: 10.65519 | DW49: 10.65531 | DX49: 10.65517 | DY49: 10.65525 | EA49: YJGS31.1 | EB49: 10.79815 | EC49: 10.79807 | ED49: 10.79812 | EE49: 10.79817 | EF49: 10.79808 | EG49: 10.7981 | EH49: 10.798 | EI49: 10.79806 | EJ49: 10.79816 | EK49: 10.79808 | EL49: 10.79819 | EM49: 10.65535 | EN49: 10.79821 | EO49: 10.79824 | EP49: 10.79814 | EQ49: 10.79801 | ER49: 10.79816 | ES49: 10.79807 | ET49: 10.6552 | EU49: 10.79806 | EV49: 10.79795 | EW49: 10.79802 | EX49: 10.79776 | EY49: 10.79764 | EZ49: 10.79769 | FA49: 10.65519 | FB49: 10.79759 | FC49: 10.79758 | FD49: 10.79773 | FE49: 10.7976 | FF49: 10.79765 | FG49: 10.6552 | FH49: 10.79808 | FI49: 10.79798 | FJ49: 10.79808 | FK49: 10.79825 | FL49: 10.79828 | FM49: 10.6552 | FN49: 10.79837 | FO49: 10.79843 | FP49: 10.7988 | FQ49: 10.7984 | FR49: 10.7982 | FS49: 10.79813 | FT49: 10.79775 | FU49: 10.65515 | FV49: 10.79755 | FW49: 10.79754 | FX49: 10.6552 | FY49: 10.79738 | FZ49: 10.79741 | GA49: 10.79787 | GB49: 10.79762 | GC49: 10.79781 | GD49: 10.79803
A50: YJGC31-2 | B50: 10.64241 | C50: 10.64234 | D50: 10.64234 | E50: 10.64235 | F50: 10.64234 | G50: 10.64229 | H50: 10.64229 | I50: 10.64227 | J50: 10.6423 | K50: 10.64236 | L50: 10.64231 | M50: 10.64222 | N50: 10.6423 | O50: 10.64222 | P50: 10.6448 | Q50: 10.64489 | R50: 10.644527 | S50: 10.64473 | T50: 10.64468 | U50: 10.6447 | V50: 10.64478 | W50: 10.6464 | X50: 10.64646 | Y50: 10.646 | Z50: 10.64553 | AA50: 10.64525 | AB50: 10.64497 | AC50: 10.64492 | AD50: 10.64487 | AE50: 10.64532 | AF50: 10.64576 | AG50: 10.64581 | AH50: 10.64585 | AI50: 10.64598 | AJ50: 10.64599 | AK50: 10.64594 | AL50: 10.64612 | AM50: 10.64571 | AN50: 10.6453 | AO50: 10.6456 | AP50: 10.6459 | AQ50: 10.64585 | AR50: 10.64603 | AS50: 10.64611 | AT50: 10.64613 | AU50: 10.64622 | AV50: 10.6462 | AW50: 10.64606 | AX50: 10.64637 | AY50: 10.64656 | AZ50: 10.64643 | BA50: 10.64645 | BB50: 10.64638 | BC50: 10.64644 | BD50: 10.64637 | BE50: 10.64654 | BF50: 10.64656 | BG50: 10.64667 | BH50: 10.64672 | BI50: 10.64666 | BJ50: 10.64664 | BK50: 10.64665 | BL50: 10.64666 | BM50: 10.64669 | BN50: 10.64671 | BO50: 10.64673 | BP50: 10.64674 | BQ50: 10.64689 | BR50: 10.64657 | BS50: 10.6465 | BT50: 10.64661 | BU50: 10.64706 | BV50: 10.6475 | BW50: 10.64725 | BX50: 10.647 | BY50: 10.64698 | BZ50: 10.64709 | CA50: 10.647 | CB50: 10.64717 | CC50: 10.64722 | CD50: 10.64706 | CE50: 10.64733 | CF50: 10.6476 | CG50: 10.64764 | CH50: 10.64743 | CI50: 10.6475 | CJ50: 10.64737 | CK50: 10.64724 | CL50: 10.6471 | CM50: 10.6469 | CN50: 10.6469 | CO50: 10.6467 | CP50: 10.64675 | CQ50: 10.64675 | CR50: 10.64659 | CS50: 10.64664 | CT50: 10.64666 | CU50: 10.64657 | CV50: 10.64667 | CW50: 10.64659 | CX50: 10.64664 | CY50: 10.6471 | CZ50: 10.64716 | DA50: 10.64693 | DB50: 10.64727 | DC50: 10.6476 | DD50: 10.64735 | DE50: 10.6471 | DF50: 10.64715 | DG50: 10.64698 | DH50: 10.6469 | DI50: 10.64703 | DJ50: 10.647 | DK50: 10.64677 | DL50: 10.647 | DM50: 10.64677 | DN50: 10.64677 | DO50: 10.64676 | DP50: 10.64684 | DQ50: 10.64691 | DR50: 10.64682 | DS50: 10.64678 | DT50: 10.64691 | DU50: 10.6468 | DV50: 10.64682 | DW50: 10.64676 | DX50: 10.64704 | DY50: 10.64688 | EA50: YJGS31.2 | EB50: 11.41366 | EC50: 11.41354 | ED50: 11.41356 | EE50: 11.41369 | EF50: 11.41362 | EG50: 11.41369 | EH50: 11.41353 | EI50: 11.4136 | EJ50: 11.41367 | EK50: 11.41363 | EL50: 11.41374 | EM50: 10.64677 | EN50: 11.41368 | EO50: 11.41375 | EP50: 11.41364 | EQ50: 11.41352 | ER50: 11.41366 | ES50: 11.41356 | ET50: 10.64692 | EU50: 11.41361 | EV50: 11.41342 | EW50: 11.41355 | EX50: 11.41332 | EY50: 11.41315 | EZ50: 11.41325 | FA50: 10.64684 | FB50: 11.41311 | FC50: 11.41318 | FD50: 11.41324 | FE50: 11.41356 | FF50: 11.41377 | FG50: 10.64677 | FH50: 11.41373 | FI50: 11.41413 | FJ50: 11.41421 | FK50: 11.41421 | FL50: 11.41413 | FM50: 10.64703 | FN50: 11.41434 | FO50: 11.41393 | FP50: 11.41386 | FQ50: 11.41343 | FR50: 11.41309 | FS50: 11.41324 | FT50: 11.41304 | FU50: 10.64675 | FV50: 11.41334 | FW50: 11.41311 | FX50: 10.64694 | FY50: 11.41305 | FZ50: 11.41317 | GA50: 11.41357 | GB50: 11.41344 | GC50: 11.41317 | GD50: 11.41325
A51: YJGC32-1 | B51: 10.65985 | C51: 10.65982 | D51: 10.65977 | E51: 10.65978 | F51: 10.65983 | G51: 10.65982 | H51: 10.65981 | I51: 10.65971 | J51: 10.65979 | K51: 10.65983 | L51: 10.65983 | M51: 10.65983 | N51: 10.65994 | O51: 10.65983 | P51: 10.662 | Q51: 10.66203 | R51: 10.661853 | S51: 10.66197 | T51: 10.66192 | U51: 10.66202 | V51: 10.66211 | W51: 10.6626 | X51: 10.6627 | Y51: 10.66269 | Z51: 10.66267 | AA51: 10.66254 | AB51: 10.6624 | AC51: 10.66244 | AD51: 10.66247 | AE51: 10.66264 | AF51: 10.6628 | AG51: 10.66285 | AH51: 10.6629 | AI51: 10.66295 | AJ51: 10.66303 | AK51: 10.66306 | AL51: 10.66296 | AM51: 10.66288 | AN51: 10.66279 | AO51: 10.66287 | AP51: 10.66295 | AQ51: 10.66304 | AR51: 10.66289 | AS51: 10.66294 | AT51: 10.66273 | AU51: 10.6629 | AV51: 10.66274 | AW51: 10.6626 | AX51: 10.66269 | AY51: 10.66256 | AZ51: 10.66285 | BA51: 10.66273 | BB51: 10.66252 | BC51: 10.66282 | BD51: 10.66254 | BE51: 10.66273 | BF51: 10.66252 | BG51: 10.66277 | BH51: 10.66287 | BI51: 10.66291 | BJ51: 10.66293 | BK51: 10.66294 | BL51: 10.66295 | BM51: 10.66293 | BN51: 10.66291 | BO51: 10.66311 | BP51: 10.66319 | BQ51: 10.66305 | BR51: 10.66337 | BS51: 10.66347 | BT51: 10.66355 | BU51: 10.66348 | BV51: 10.66341 | BW51: 10.66361 | BX51: 10.6638 | BY51: 10.66377 | BZ51: 10.66381 | CA51: 10.66378 | CB51: 10.66371 | CC51: 10.66357 | CD51: 10.66363 | CE51: 10.66369 | CF51: 10.66367 | CG51: 10.66376 | CH51: 10.6635 | CI51: 10.66332 | CJ51: 10.66335 | CK51: 10.66358 | CL51: 10.6638 | CM51: 10.66382 | CN51: 10.66384 | CO51: 10.66388 | CP51: 10.66392 | CQ51: 10.66395 | CR51: 10.66378 | CS51: 10.66397 | CT51: 10.66375 | CU51: 10.66373 | CV51: 10.66375 | CW51: 10.66392 | CX51: 10.66372 | CY51: 10.66378 | CZ51: 10.66376 | DA51: 10.6637 | DB51: 10.664 | DC51: 10.6644 | DD51: 10.6643 | DE51: 10.66438 | DF51: 10.66437 | DG51: 10.66443 | DH51: 10.66455 | DI51: 10.66438 | DJ51: 10.66463 | DK51: 10.66456 | DL51: 10.66463 | DM51: 10.6646 | DN51: 10.66457 | DO51: 10.66449 | DP51: 10.66447 | DQ51: 10.66447 | DR51: 10.66463 | DS51: 10.66453 | DT51: 10.66452 | DU51: 10.66456 | DV51: 10.66457 | DW51: 10.66443 | DX51: 10.66448 | DY51: 10.66459 | EA51: YJGS32.1 | EB51: 10.90534 | EC51: 10.90525 | ED51: 10.90531 | EE51: 10.90536 | EF51: 10.90522 | EG51: 10.90523 | EH51: 10.90516 | EI51: 10.90519 | EJ51: 10.90535 | EK51: 10.90531 | EL51: 10.9054 | EM51: 10.66468 | EN51: 10.90525 | EO51: 10.90548 | EP51: 10.90522 | EQ51: 10.90514 | ER51: 10.90513 | ES51: 10.90503 | ET51: 10.66442 | EU51: 10.90508 | EV51: 10.90489 | EW51: 10.90505 | EX51: 10.90507 | EY51: 10.90498 | EZ51: 10.9046 | FA51: 10.66444 | FB51: 10.90468 | FC51: 10.90511 | FD51: 10.90501 | FE51: 10.9052 | FF51: 10.90518 | FG51: 10.66469 | FH51: 10.90511 | FI51: 10.90483 | FJ51: 10.90476 | FK51: 10.90482 | FL51: 10.90486 | FM51: 10.66443 | FN51: 10.90523 | FO51: 10.90525 | FP51: 10.9052 | FQ51: 10.90564 | FR51: 10.90553 | FS51: 10.90578 | FT51: 10.90541 | FU51: 10.66443 | FV51: 10.90532 | FW51: 10.90524 | FX51: 10.66458 | FY51: 10.90564 | FZ51: 10.90568 | GA51: 10.9053 | GB51: 10.90544 | GC51: 10.90568 | GD51: 10.9058
A52: YJGC32-2 | B52: 10.6303 | C52: 10.63027 | D52: 10.63019 | E52: 10.63029 | F52: 10.6303 | G52: 10.63017 | H52: 10.63017 | I52: 10.63021 | J52: 10.6303 | K52: 10.63028 | L52: 10.63025 | M52: 10.63013 | N52: 10.63027 | O52: 10.63013 | P52: 10.6324 | Q52: 10.63242 | R52: 10.632498 | S52: 10.6324 | T52: 10.63242 | U52: 10.63246 | V52: 10.63253 | W52: 10.6333 | X52: 10.63326 | Y52: 10.63278 | Z52: 10.63229 | AA52: 10.63275 | AB52: 10.6332 | AC52: 10.63323 | AD52: 10.63326 | AE52: 10.63343 | AF52: 10.6336 | AG52: 10.63357 | AH52: 10.63353 | AI52: 10.63367 | AJ52: 10.63366 | AK52: 10.6336 | AL52: 10.63371 | AM52: 10.63372 | AN52: 10.63372 | AO52: 10.6338 | AP52: 10.63387 | AQ52: 10.63386 | AR52: 10.63384 | AS52: 10.63394 | AT52: 10.63374 | AU52: 10.63369 | AV52: 10.63366 | AW52: 10.63366 | AX52: 10.63356 | AY52: 10.63375 | AZ52: 10.63367 | BA52: 10.63344 | BB52: 10.63343 | BC52: 10.6337 | BD52: 10.63367 | BE52: 10.63371 | BF52: 10.63341 | BG52: 10.63342 | BH52: 10.63343 | BI52: 10.63331 | BJ52: 10.63326 | BK52: 10.6332 | BL52: 10.63314 | BM52: 10.63318 | BN52: 10.63322 | BO52: 10.6337 | BP52: 10.6339 | BQ52: 10.63393 | BR52: 10.63407 | BS52: 10.63388 | BT52: 10.63417 | BU52: 10.63444 | BV52: 10.6347 | BW52: 10.6344 | BX52: 10.6341 | BY52: 10.63396 | BZ52: 10.63409 | CA52: 10.63415 | CB52: 10.63393 | CC52: 10.63385 | CD52: 10.63375 | CE52: 10.63374 | CF52: 10.63383 | CG52: 10.6337 | CH52: 10.63383 | CI52: 10.63389 | CJ52: 10.63382 | CK52: 10.63406 | CL52: 10.6343 | CM52: 10.63436 | CN52: 10.63417 | CO52: 10.63425 | CP52: 10.63421 | CQ52: 10.63425 | CR52: 10.6343 | CS52: 10.63427 | CT52: 10.63421 | CU52: 10.6343 | CV52: 10.63404 | CW52: 10.63411 | CX52: 10.63423 | CY52: 10.63423 | CZ52: 10.63425 | DA52: 10.63406 | DB52: 10.63443 | DC52: 10.6348 | DD52: 10.6347 | DE52: 10.63489 | DF52: 10.63482 | DG52: 10.63474 | DH52: 10.63502 | DI52: 10.635 | DJ52: 10.63502 | DK52: 10.63501 | DL52: 10.63514 | DM52: 10.63507 | DN52: 10.63514 | DO52: 10.63514 | DP52: 10.63493 | DQ52: 10.63491 | DR52: 10.6351 | DS52: 10.63493 | DT52: 10.63489 | DU52: 10.63508 | DV52: 10.63489 | DW52: 10.635 | DX52: 10.63517 | DY52: 10.63502 | EA52: YJGS32.2 | EB52: 11.59921 | EC52: 11.5991 | ED52: 11.59911 | EE52: 11.59923 | EF52: 11.59911 | EG52: 11.59919 | EH52: 11.59913 | EI52: 11.59918 | EJ52: 11.59925 | EK52: 11.59921 | EL52: 11.59929 | EM52: 10.63491 | EN52: 11.59921 | EO52: 11.59941 | EP52: 11.59963 | EQ52: 11.59955 | ER52: 11.59923 | ES52: 11.59905 | ET52: 10.63491 | EU52: 11.59907 | EV52: 11.59887 | EW52: 11.59892 | EX52: 11.59869 | EY52: 11.59859 | EZ52: 11.59861 | FA52: 10.6351 | FB52: 11.59857 | FC52: 11.5989 | FD52: 11.59855 | FE52: 11.59869 | FF52: 11.59851 | FG52: 10.6351 | FH52: 11.59868 | FI52: 11.59906 | FJ52: 11.59878 | FK52: 11.59889 | FL52: 11.59854 | FM52: 10.6351 | FN52: 11.59869 | FO52: 11.59904 | FP52: 11.5989 | FQ52: 11.59908 | FR52: 11.59902 | FS52: 11.59907 | FT52: 11.59951 | FU52: 10.63498 | FV52: 11.59978 | FW52: 11.59982 | FX52: 10.63517 | FY52: 11.59953 | FZ52: 11.5995 | GA52: 11.59982 | GB52: 11.59945 | GC52: 11.5995 | GD52: 11.59938
A53: YJGC33-1 | B53: 10.62305 | C53: 10.62293 | D53: 10.62304 | E53: 10.62291 | F53: 10.62293 | G53: 10.62304 | H53: 10.62291 | I53: 10.62301 | J53: 10.62299 | K53: 10.62292 | L53: 10.62294 | M53: 10.62288 | N53: 10.62297 | O53: 10.62288 | P53: 10.6243 | Q53: 10.62434 | R53: 10.624121 | S53: 10.62426 | T53: 10.62408 | U53: 10.62426 | V53: 10.6244 | W53: 10.6252 | X53: 10.62532 | Y53: 10.62534 | Z53: 10.62535 | AA53: 10.62553 | AB53: 10.6257 | AC53: 10.62574 | AD53: 10.62578 | AE53: 10.62584 | AF53: 10.6259 | AG53: 10.62586 | AH53: 10.62582 | AI53: 10.62582 | AJ53: 10.62598 | AK53: 10.62618 | AL53: 10.62601 | AM53: 10.626 | AN53: 10.62598 | AO53: 10.62634 | AP53: 10.6267 | AQ53: 10.62672 | AR53: 10.62689 | AS53: 10.62673 | AT53: 10.62687 | AU53: 10.62685 | AV53: 10.62672 | AW53: 10.62674 | AX53: 10.62675 | AY53: 10.62688 | AZ53: 10.62678 | BA53: 10.6269 | BB53: 10.62692 | BC53: 10.62661 | BD53: 10.62686 | BE53: 10.62663 | BF53: 10.62693 | BG53: 10.62687 | BH53: 10.62684 | BI53: 10.62671 | BJ53: 10.62666 | BK53: 10.62673 | BL53: 10.6268 | BM53: 10.62677 | BN53: 10.62673 | BO53: 10.62618 | BP53: 10.62595 | BQ53: 10.62585 | BR53: 10.62599 | BS53: 10.62594 | BT53: 10.62583 | BU53: 10.62583 | BV53: 10.62582 | BW53: 10.62606 | BX53: 10.6263 | BY53: 10.62619 | BZ53: 10.62614 | CA53: 10.62613 | CB53: 10.62599 | CC53: 10.62601 | CD53: 10.62594 | CE53: 10.62596 | CF53: 10.62579 | CG53: 10.62574 | CH53: 10.62578 | CI53: 10.62559 | CJ53: 10.62583 | CK53: 10.62612 | CL53: 10.6264 | CM53: 10.62648 | CN53: 10.62635 | CO53: 10.62629 | CP53: 10.62625 | CQ53: 10.62633 | CR53: 10.62624 | CS53: 10.62614 | CT53: 10.62627 | CU53: 10.62621 | CV53: 10.62621 | CW53: 10.62632 | CX53: 10.62609 | CY53: 10.62601 | CZ53: 10.62581 | DA53: 10.626 | DB53: 10.62625 | DC53: 10.6265 | DD53: 10.62651 | DE53: 10.62631 | DF53: 10.62614 | DG53: 10.6264 | DH53: 10.62612 | DI53: 10.62628 | DJ53: 10.62615 | DK53: 10.62611 | DL53: 10.6262 | DM53: 10.62609 | DN53: 10.62621 | DO53: 10.62603 | DP53: 10.62603 | DQ53: 10.62618 | DR53: 10.62616 | DS53: 10.62614 | DT53: 10.62607 | DU53: 10.62605 | DV53: 10.62616 | DW53: 10.62616 | DX53: 10.6261 | DY53: 10.62601 | EA53: YJGS33.1 | EB53: 10.91052 | EC53: 10.91044 | ED53: 10.91051 | EE53: 10.91054 | EF53: 10.91041 | EG53: 10.91043 | EH53: 10.91038 | EI53: 10.91049 | EJ53: 10.91057 | EK53: 10.91059 | EL53: 10.91053 | EM53: 10.62612 | EN53: 10.91056 | EO53: 10.91034 | EP53: 10.91047 | EQ53: 10.91034 | ER53: 10.91041 | ES53: 10.91031 | ET53: 10.62615 | EU53: 10.9103 | EV53: 10.91015 | EW53: 10.91018 | EX53: 10.90983 | EY53: 10.90982 | EZ53: 10.90982 | FA53: 10.62621 | FB53: 10.91012 | FC53: 10.91011 | FD53: 10.91036 | FE53: 10.91045 | FF53: 10.91053 | FG53: 10.62612 | FH53: 10.91049 | FI53: 10.91073 | FJ53: 10.91041 | FK53: 10.91048 | FL53: 10.91093 | FM53: 10.62619 | FN53: 10.91084 | FO53: 10.9109 | FP53: 10.91105 | FQ53: 10.91114 | FR53: 10.91081 | FS53: 10.91086 | FT53: 10.91061 | FU53: 10.6261 | FV53: 10.91053 | FW53: 10.91028 | FX53: 10.62624 | FY53: 10.9102 | FZ53: 10.91017 | GA53: 10.91004 | GB53: 10.91011 | GC53: 10.91017 | GD53: 10.91011
A54: YJGC33-2 | B54: 10.6585 | C54: 10.65841 | D54: 10.65837 | E54: 10.65849 | F54: 10.65844 | G54: 10.65851 | H54: 10.65844 | I54: 10.65844 | J54: 10.65835 | K54: 10.65846 | L54: 10.65848 | M54: 10.65836 | N54: 10.65847 | O54: 10.65836 | P54: 10.6599 | Q54: 10.65998 | R54: 10.658979 | S54: 10.65979 | T54: 10.65971 | U54: 10.65992 | V54: 10.65992 | W54: 10.6611 | X54: 10.66105 | Y54: 10.66085 | Z54: 10.66065 | AA54: 10.66083 | AB54: 10.661 | AC54: 10.66103 | AD54: 10.66105 | AE54: 10.66113 | AF54: 10.6612 | AG54: 10.66117 | AH54: 10.66113 | AI54: 10.66106 | AJ54: 10.66133 | AK54: 10.66152 | AL54: 10.66133 | AM54: 10.66132 | AN54: 10.66131 | AO54: 10.66171 | AP54: 10.6621 | AQ54: 10.66226 | AR54: 10.6622 | AS54: 10.66214 | AT54: 10.6623 | AU54: 10.66238 | AV54: 10.66239 | AW54: 10.66252 | AX54: 10.66225 | AY54: 10.66243 | AZ54: 10.66224 | BA54: 10.66241 | BB54: 10.66211 | BC54: 10.66232 | BD54: 10.66232 | BE54: 10.6624 | BF54: 10.66226 | BG54: 10.66232 | BH54: 10.66235 | BI54: 10.66225 | BJ54: 10.6622 | BK54: 10.66229 | BL54: 10.66237 | BM54: 10.66236 | BN54: 10.66235 | BO54: 10.66167 | BP54: 10.66138 | BQ54: 10.66152 | BR54: 10.66134 | BS54: 10.66121 | BT54: 10.66124 | BU54: 10.66123 | BV54: 10.66121 | BW54: 10.66146 | BX54: 10.6617 | BY54: 10.66176 | BZ54: 10.66161 | CA54: 10.66153 | CB54: 10.66155 | CC54: 10.66143 | CD54: 10.66157 | CE54: 10.66167 | CF54: 10.66146 | CG54: 10.6613 | CH54: 10.66129 | CI54: 10.66113 | CJ54: 10.66137 | CK54: 10.66159 | CL54: 10.6618 | CM54: 10.66186 | CN54: 10.66162 | CO54: 10.66156 | CP54: 10.66149 | CQ54: 10.66153 | CR54: 10.66148 | CS54: 10.66155 | CT54: 10.66142 | CU54: 10.66139 | CV54: 10.66148 | CW54: 10.66148 | CX54: 10.66136 | CY54: 10.66132 | CZ54: 10.66134 | DA54: 10.66122 | DB54: 10.66156 | DC54: 10.6619 | DD54: 10.66189 | DE54: 10.6617 | DF54: 10.6617 | DG54: 10.66151 | DH54: 10.66192 | DI54: 10.66209 | DJ54: 10.6618 | DK54: 10.66201 | DL54: 10.66195 | DM54: 10.66191 | DN54: 10.66186 | DO54: 10.66206 | DP54: 10.66179 | DQ54: 10.66186 | DR54: 10.66203 | DS54: 10.66184 | DT54: 10.66181 | DU54: 10.66193 | DV54: 10.66181 | DW54: 10.66194 | DX54: 10.66207 | DY54: 10.66195 | EA54: YJGS33.2 | EB54: 10.94508 | EC54: 10.9451 | ED54: 10.94511 | EE54: 10.94509 | EF54: 10.94518 | EG54: 10.94516 | EH54: 10.94503 | EI54: 10.94515 | EJ54: 10.94521 | EK54: 10.94522 | EL54: 10.94528 | EM54: 10.66184 | EN54: 10.94521 | EO54: 10.94527 | EP54: 10.94519 | EQ54: 10.9449 | ER54: 10.94516 | ES54: 10.94513 | ET54: 10.66186 | EU54: 10.94497 | EV54: 10.94478 | EW54: 10.94492 | EX54: 10.9445 | EY54: 10.94444 | EZ54: 10.94453 | FA54: 10.66191 | FB54: 10.94444 | FC54: 10.94465 | FD54: 10.94454 | FE54: 10.94489 | FF54: 10.94492 | FG54: 10.6619 | FH54: 10.94514 | FI54: 10.94552 | FJ54: 10.94541 | FK54: 10.94545 | FL54: 10.94523 | FM54: 10.66196 | FN54: 10.94524 | FO54: 10.94541 | FP54: 10.94576 | FQ54: 10.94544 | FR54: 10.9451 | FS54: 10.94544 | FT54: 10.94516 | FU54: 10.66207 | FV54: 10.94495 | FW54: 10.94472 | FX54: 10.66203 | FY54: 10.94503 | FZ54: 10.94485 | GA54: 10.94478 | GB54: 10.94485 | GC54: 10.94485 | GD54: 10.94527
A55: YJGC34-1 | B55: 10.62775 | C55: 10.62766 | D55: 10.62768 | E55: 10.6276 | F55: 10.6277 | G55: 10.62771 | H55: 10.62764 | I55: 10.62762 | J55: 10.62761 | K55: 10.62774 | L55: 10.62771 | M55: 10.62765 | N55: 10.62767 | O55: 10.62765 | P55: 10.6287 | Q55: 10.62875 | R55: 10.628644 | S55: 10.62875 | T55: 10.62858 | U55: 10.62884 | V55: 10.62885 | W55: 10.6297 | X55: 10.62962 | Y55: 10.62962 | Z55: 10.62962 | AA55: 10.62956 | AB55: 10.6295 | AC55: 10.62952 | AD55: 10.62954 | AE55: 10.62967 | AF55: 10.6298 | AG55: 10.62977 | AH55: 10.62973 | AI55: 10.62987 | AJ55: 10.62988 | AK55: 10.63004 | AL55: 10.62972 | AM55: 10.62972 | AN55: 10.62972 | AO55: 10.62991 | AP55: 10.6301 | AQ55: 10.62993 | AR55: 10.63028 | AS55: 10.63041 | AT55: 10.63038 | AU55: 10.63023 | AV55: 10.63027 | AW55: 10.63041 | AX55: 10.63014 | AY55: 10.63033 | AZ55: 10.62994 | BA55: 10.63014 | BB55: 10.63007 | BC55: 10.63031 | BD55: 10.62999 | BE55: 10.63028 | BF55: 10.62997 | BG55: 10.63013 | BH55: 10.6302 | BI55: 10.63025 | BJ55: 10.63027 | BK55: 10.63032 | BL55: 10.63036 | BM55: 10.63034 | BN55: 10.63031 | BO55: 10.62982 | BP55: 10.62961 | BQ55: 10.62949 | BR55: 10.62967 | BS55: 10.62953 | BT55: 10.6295 | BU55: 10.62954 | BV55: 10.62958 | BW55: 10.62953 | BX55: 10.62947 | BY55: 10.62956 | BZ55: 10.62931 | CA55: 10.62934 | CB55: 10.6292 | CC55: 10.62928 | CD55: 10.62909 | CE55: 10.62913 | CF55: 10.62913 | CG55: 10.629 | CH55: 10.62917 | CI55: 10.62924 | CJ55: 10.62923 | CK55: 10.62972 | CL55: 10.6302 | CM55: 10.63022 | CN55: 10.63006 | CO55: 10.63012 | CP55: 10.63014 | CQ55: 10.62999 | CR55: 10.63 | CS55: 10.63018 | CT55: 10.63002 | CU55: 10.63005 | CV55: 10.63009 | CW55: 10.62995 | CX55: 10.62999 | CY55: 10.6301 | CZ55: 10.63018 | DA55: 10.62998 | DB55: 10.62996 | DC55: 10.63018 | DD55: 10.63004 | DE55: 10.63026 | DF55: 10.63016 | DG55: 10.63028 | DH55: 10.62989 | DI55: 10.63004 | DJ55: 10.62991 | DK55: 10.6299 | DL55: 10.6299 | DM55: 10.63 | DN55: 10.6299 | DO55: 10.62979 | DP55: 10.62988 | DQ55: 10.62978 | DR55: 10.62984 | DS55: 10.62989 | DT55: 10.62999 | DU55: 10.62979 | DV55: 10.62977 | DW55: 10.62986 | DX55: 10.62987 | DY55: 10.63004 | EA55: YJGS34.1 | EB55: 10.84752 | EC55: 10.84735 | ED55: 10.84739 | EE55: 10.84728 | EF55: 10.84728 | EG55: 10.84728 | EH55: 10.84731 | EI55: 10.84731 | EJ55: 10.84746 | EK55: 10.84762 | EL55: 10.84766 | EM55: 10.63004 | EN55: 10.84707 | EO55: 10.84721 | EP55: 10.84741 | EQ55: 10.84733 | ER55: 10.84736 | ES55: 10.84728 | ET55: 10.62992 | EU55: 10.84704 | EV55: 10.84703 | EW55: 10.8471 | EX55: 10.84712 | EY55: 10.84736 | EZ55: 10.8469 | FA55: 10.6298 | FB55: 10.84715 | FC55: 10.84701 | FD55: 10.84707 | FE55: 10.84737 | FF55: 10.84701 | FG55: 10.62976 | FH55: 10.84726 | FI55: 10.84758 | FJ55: 10.84782 | FK55: 10.84767 | FL55: 10.84782 | FM55: 10.62976 | FN55: 10.84775 | FO55: 10.8474 | FP55: 10.84722 | FQ55: 10.84716 | FR55: 10.84705 | FS55: 10.84714 | FT55: 10.84728 | FU55: 10.62999 | FV55: 10.84744 | FW55: 10.84729 | FX55: 10.62994 | FY55: 10.84722 | FZ55: 10.84714 | GA55: 10.84742 | GB55: 10.84713 | GC55: 10.84714 | GD55: 10.84731
... A131: ZJGC36-1 | B131: 10.81072 | C131: 10.81061 | D131: 10.81069 | E131: 10.81072 | F131: 10.81067 | G131: 10.81069 | H131: 10.81069 | I131: 10.81063 | J131: 10.81062 | K131: 10.8106 | L131: 10.8106 | M131: 10.81061 | N131: 10.81076 | O131: 10.81061 | P131: 10.8127 | Q131: 10.81268 | R131: 10.8122 | S131: 10.81214 | T131: 10.81195 | U131: 10.81227 | V131: 10.81224 | W131: 10.8145 | X131: 10.81445 | Y131: 10.81418 | Z131: 10.8139 | AA131: 10.8138 | AB131: 10.8137 | AC131: 10.81415 | AD131: 10.8146 | AE131: 10.81454 | AF131: 10.81447 | AG131: 10.81447 | AH131: 10.81447 | AI131: 10.81447 | AJ131: 10.81434 | AK131: 10.81437 | AL131: 10.81448 | AM131: 10.81426 | AN131: 10.81403 | AO131: 10.8141 | AP131: 10.81416 | AQ131: 10.81409 | AR131: 10.81409 | AS131: 10.81438 | AT131: 10.8145 | AU131: 10.81467 | AV131: 10.81445 | AW131: 10.814 | AX131: 10.8138 | AY131: 10.81365 | AZ131: 10.81361 | BA131: 10.81377 | BB131: 10.81377 | BC131: 10.81397 | BD131: 10.81374 | BE131: 10.81392 | BF131: 10.8141 | BG131: 10.81395 | BH131: 10.81388 | BI131: 10.81386 | BJ131: 10.81385 | BK131: 10.81385 | BL131: 10.81384 | BM131: 10.81392 | BN131: 10.814 | BO131: 10.81406 | BP131: 10.8142 | BQ131: 10.81407 | BR131: 10.81401 | BS131: 10.81388 | BT131: 10.81395 | BU131: 10.81383 | BV131: 10.8137 | BW131: 10.81363 | BX131: 10.81356 | BY131: 10.81368 | BZ131: 10.8138 | CA131: 10.81367 | CB131: 10.81374 | CC131: 10.81368 | CD131: 10.81369 | CE131: 10.8137 | CF131: 10.81357 | CG131: 10.81349 | CH131: 10.81361 | CI131: 10.81355 | CJ131: 10.81349 | CK131: 10.81349 | CL131: 10.81343 | CM131: 10.81331 | CN131: 10.8134 | CO131: 10.81385 | CP131: 10.8143 | CQ131: 10.81415 | CR131: 10.81432 | CS131: 10.8142 | CT131: 10.81433 | CU131: 10.8143 | CV131: 10.81411 | CW131: 10.81411 | CX131: 10.81433 | CY131: 10.8145 | CZ131: 10.81459 | DA131: 10.81439 | DB131: 10.81458 | DC131: 10.81453 | DD131: 10.81432 | DE131: 10.8141 | DF131: 10.81405 | DG131: 10.814 | DH131: 10.81419 | DI131: 10.81428 | DJ131: 10.81408 | DK131: 10.81431 | DL131: 10.81405 | DM131: 10.81418 | DN131: 10.81406 | DO131: 10.81415 | DP131: 10.81421 | DQ131: 10.81411 | DR131: 10.8141 | DS131: 10.81422 | DT131: 10.81407 | DU131: 10.81415 | DV131: 10.81426 | DW131: 10.81411 | DX131: 10.81417 | DY131: 10.81426 | EA131: ZJGS36.1 | EB131: 10.8202 | EC131: 10.82028 | ED131: 10.82048 | EE131: 10.82014 | EF131: 10.81977 | EG131: 10.81991 | EH131: 10.81961 | EI131: 10.81987 | EJ131: 10.81964 | EK131: 10.82005 | EL131: 10.82013 | EM131: 10.81431 | EN131: 10.82002 | EO131: 10.81998 | EP131: 10.81987 | EQ131: 10.82014 | ER131: 10.82017 | ES131: 10.82016 | ET131: 10.81426 | EU131: 10.82015 | EV131: 10.8203 | EW131: 10.82024 | EX131: 10.82052 | EY131: 10.82009 | EZ131: 10.81962 | FA131: 10.8141 | FB131: 10.82 | FC131: 10.82032 | FD131: 10.81991 | FE131: 10.82 | FF131: 10.82022 | FG131: 10.81408 | FH131: 10.81979 | FI131: 10.82008 | FJ131: 10.81977 | FK131: 10.81952 | FL131: 10.81977 | FM131: 10.81407 | FN131: 10.81985 | FO131: 10.82005 | FP131: 10.81985 | FQ131: 10.81967 | FR131: 10.81961 | FS131: 10.81937 | FT131: 10.81973 | FU131: 10.81405 | FV131: 10.81984 | FW131: 10.82006 | FX131: 10.81428 | FY131: 10.82023 | FZ131: 10.82045 | GA131: 10.8204 | GB131: 10.82065 | GC131: 10.82048 | GD131: 10.82013
A132: ZJGC36-2 | B132: 10.74362 | C132: 10.74351 | D132: 10.74351 | E132: 10.74353 | F132: 10.74359 | G132: 10.74348 | H132: 10.74359 | I132: 10.74362 | J132: 10.74355 | K132: 10.74354 | L132: 10.74358 | M132: 10.74356 | N132: 10.74365 | O132: 10.74356 | P132: 10.7459 | Q132: 10.74601 | R132: 10.745 | S132: 10.74487 | T132: 10.74479 | U132: 10.74496 | V132: 10.74483 | W132: 10.74473 | X132: 10.74467 | Y132: 10.74574 | Z132: 10.7468 | AA132: 10.74675 | AB132: 10.7467 | AC132: 10.747 | AD132: 10.7473 | AE132: 10.74735 | AF132: 10.7474 | AG132: 10.7474 | AH132: 10.7474 | AI132: 10.74735 | AJ132: 10.7475 | AK132: 10.74764 | AL132: 10.74735 | AM132: 10.74713 | AN132: 10.7469 | AO132: 10.74693 | AP132: 10.74695 | AQ132: 10.74702 | AR132: 10.74698 | AS132: 10.74713 | AT132: 10.7472 | AU132: 10.74705 | AV132: 10.7473 | AW132: 10.74661 | AX132: 10.74631 | AY132: 10.74613 | AZ132: 10.74611 | BA132: 10.74632 | BB132: 10.74633 | BC132: 10.74646 | BD132: 10.74646 | BE132: 10.7467 | BF132: 10.74693 | BG132: 10.74658 | BH132: 10.74643 | BI132: 10.74636 | BJ132: 10.74633 | BK132: 10.7463 | BL132: 10.74627 | BM132: 10.74644 | BN132: 10.7466 | BO132: 10.74674 | BP132: 10.74677 | BQ132: 10.74668 | BR132: 10.74664 | BS132: 10.74669 | BT132: 10.74667 | BU132: 10.74654 | BV132: 10.7464 | BW132: 10.74637 | BX132: 10.74634 | BY132: 10.74637 | BZ132: 10.7464 | CA132: 10.74631 | CB132: 10.74645 | CC132: 10.74631 | CD132: 10.74635 | CE132: 10.74627 | CF132: 10.74627 | CG132: 10.74626 | CH132: 10.74617 | CI132: 10.74613 | CJ132: 10.74611 | CK132: 10.74617 | CL132: 10.74612 | CM132: 10.74598 | CN132: 10.74616 | CO132: 10.74663 | CP132: 10.7471 | CQ132: 10.74712 | CR132: 10.74698 | CS132: 10.74691 | CT132: 10.74709 | CU132: 10.74712 | CV132: 10.74697 | CW132: 10.74713 | CX132: 10.74694 | CY132: 10.7474 | CZ132: 10.74722 | DA132: 10.74722 | DB132: 10.74724 | DC132: 10.74738 | DD132: 10.74714 | DE132: 10.7469 | DF132: 10.74675 | DG132: 10.7466 | DH132: 10.7468 | DI132: 10.74689 | DJ132: 10.74687 | DK132: 10.74686 | DL132: 10.74691 | DM132: 10.74694 | DN132: 10.74681 | DO132: 10.74674 | DP132: 10.74673 | DQ132: 10.74672 | DR132: 10.74666 | DS132: 10.74673 | DT132: 10.74685 | DU132: 10.74689 | DV132: 10.74678 | DW132: 10.74681 | DX132: 10.74665 | DY132: 10.74669 | EA132: ZJGS36.2 | EB132: 10.76285 | EC132: 10.76304 | ED132: 10.76323 | EE132: 10.76276 | EF132: 10.76262 | EG132: 10.76286 | EH132: 10.76286 | EI132: 10.76276 | EJ132: 10.76272 | EK132: 10.7627 | EL132: 10.76264 | EM132: 10.74681 | EN132: 10.76218 | EO132: 10.76217 | EP132: 10.76232 | EQ132: 10.76264 | ER132: 10.76224 | ES132: 10.76252 | ET132: 10.74682 | EU132: 10.76241 | EV132: 10.76227 | EW132: 10.76232 | EX132: 10.7625 | EY132: 10.76263 | EZ132: 10.76216 | FA132: 10.74676 | FB132: 10.76258 | FC132: 10.76297 | FD132: 10.76281 | FE132: 10.76308 | FF132: 10.76336 | FG132: 10.7468 | FH132: 10.76329 | FI132: 10.76303 | FJ132: 10.76276 | FK132: 10.76275 | FL132: 10.7626 | FM132: 10.74692 | FN132: 10.76282 | FO132: 10.76277 | FP132: 10.76258 | FQ132: 10.76273 | FR132: 10.76257 | FS132: 10.76252 | FT132: 10.76249 | FU132: 10.74692 | FV132: 10.7627 | FW132: 10.76266 | FX132: 10.74689 | FY132: 10.76291 | FZ132: 10.76292 | GA132: 10.76296 | GB132: 10.76297 | GC132: 10.76278

Sheet 数据
B1: 45954 | C1: 45961 | D1: 45968 | E1: 45975 | F1: 45980 | G1: 45981 | H1: 45982 | I1: 45983 | J1: 45986 | K1: 45989 | L1: 45992 | M1: 45995 | N1: 45998 | O1: 46001 | P1: 46004 | Q1: 46005 | R1: 2025/12/14晚 | S1: 46006 | T1: 2025/12/15晚 | U1: 46007 | V1: 2025/12/16晚 | W1: 46008 | X1: 2025/12/17晚 | Y1: 46009 | Z1: 2025/12/18晚 | AA1: 46010 | AB1: 2025/12/19晚 | AC1: 46011 | AD1: 2025/12/20晚 | AE1: 46012 | AF1: 2025/12/21晚 | AG1: 46013 | AH1: 2025/12/22晚 | AI1: 46014 | AJ1: 2025/12/23晚 | AK1: 46015 | AL1: 2025/12/24晚 | AM1: 46016 | AN1: 2025/12/25晚 | AO1: 46017 | AP1: 2025/12/26晚 | AQ1: 46018 | AR1: 2025/12/27晚 | AS1: 46019 | AT1: 2025/12/28晚 | AU1: 46020 | AV1: 2025/12/29晚 | AW1: 46021 | AX1: 2025/12/30晚 | AY1: 46022 | AZ1: 2025/12/31晚 | BA1: 46023 | BB1: 1/1晚 | BC1: 46024 | BD1: 1/2晚 | BE1: 46025 | BF1: 1/3晚 | BG1: 46026 | BH1: 1/4晚 | BI1: 46027 | BJ1: 1/5晚 | BK1: 46028 | BL1: 1/6晚 | BM1: 46029 | BN1: 1/7晚 | BO1: 46030 | BP1: 1/8晚 | BQ1: 46031 | BR1: 1/9晚 | BS1: 46032 | BT1: 1/10晚 | BU1: 46033 | BV1: 1/11晚 | BW1: 46034 | BX1: 1/12晚 | BY1: 46035 | BZ1: 1/13晚 | CA1: 46036 | CB1: 1/14晚 | CC1: 46037 | CD1: 1/15晚 | CE1: 46038 | CF1: 1/16晚 | CG1: 46039 | CH1: 1/17晚 | CI1: 46040 | CJ1: 1/18晚 | CK1: 46041 | CL1: 1/19晚 | CM1: 46042 | CN1: 1/20晚 | CO1: 46043 | CP1: 1/21晚 | CQ1: 46044 | CR1: 1/22晚 | CS1: 46045 | CT1: 1/23晚 | CU1: 46046 | CV1: 1/24晚 | CW1: 46047 | CX1: 1/25晚 | CY1: 46048 | CZ1: 46049 | DA1: 46050 | DB1: 46051 | DC1: 46052 | DD1: 46053 | DE1: 46054 | DF1: 46055 | DG1: 46056 | DH1: 46080 | DI1: 46081 | DJ1: 46082 | DK1: 46083 | DL1: 46084 | DM1: 46085 | DN1: 46086 | DO1: 46087 | DP1: 46088 | DQ1: 46089 | DR1: 46090 | DS1: 46091 | DT1: 46092 | DU1: 46093 | DV1: 46094 | DW1: 46095 | DX1: 46096 | DY1: 46097 | EB1: 初值 | EC1: 46098 | ED1: 46099 | EE1: 46100 | EF1: 46101 | EG1: 46102 | EH1: 46103 | EI1: 46104 | EJ1: 46105 | EK1: 46106 | EL1: 46107 | EM1: 46108 | EN1: 46109 | EO1: 46110 | EP1: 46111 | EQ1: 46112 | ER1: 46113 | ES1: 46114 | ET1: 46115 | EU1: 46116 | EV1: 46117 | EW1: 46118 | EX1: 46119 | EY1: 46120 | EZ1: 46121 | FA1: 46122 | FB1: 46123 | FC1: 46124 | FD1: 46125 | FE1: 46126 | FF1: 46127 | FG1: 2026/4/15人工 | FH1: 46128 | FI1: 46129 | FJ1: 46130 | FK1: 46131 | FL1: 46132 | FM1: 2026/4/20人工 | FN1: 46133 | FO1: 46134 | FP1: 46135 | FQ1: 46136 | FR1: 46137 | FS1: 46138 | FT1: 46139 | FU1: 46140 | FV1: 46141 | FW1: 46142 | FX1: 46143 | FY1: 46144 | FZ1: 46145 | GA1: 46146 | GB1: 46147 | GC1: 46148 | GD1: 46149 | GE1: 46150 | GF1: 46151 | GG1: 46152 | GH1: 46153 | GI1: 46154 | GJ1: 46155 | GK1: 46156 | GL1: 46157 | GM1: 46158 | GN1: 46159
A2: YDDC01-1 | B2: 9.88675 | C2: 9.88665 | D2: 9.8867 | E2: 9.88672 | F2: 9.88661 | G2: 9.88661 | H2: 9.88668 | I2: 9.88671 | J2: 9.88674 | K2: 9.88672 | L2: 9.88675 | M2: 9.88672 | N2: 9.88698 | O2: 9.88701 | P2: 9.887 | Q2: 9.88717 | R2: 9.887148 | S2: 9.88703 | T2: 9.88683 | U2: 9.88681 | V2: 9.88681 | W2: 9.8919 | X2: 9.8919 | Y2: 9.89191 | Z2: 9.89192 | AA2: 9.89181 | AB2: 9.8917 | AC2: 9.89105 | AD2: 9.8904 | AE2: 9.89037 | AF2: 9.89033 | AG2: 9.89112 | AH2: 9.8919 | AI2: 9.89185 | AJ2: 9.8918 | AK2: 9.89186 | AL2: 9.89191 | AM2: 9.89145 | AN2: 9.89099 | AO2: 9.89126 | AP2: 9.89152 | AQ2: 9.89154 | AR2: 9.89138 | AS2: 9.89097 | AT2: 9.8908 | AU2: 9.89071 | AV2: 9.89097 | AW2: 9.891 | AX2: 9.89112 | AY2: 9.89127 | AZ2: 9.89123 | BA2: 9.89124 | BB2: 9.89094 | BC2: 9.89112 | BD2: 9.89103 | BE2: 9.89094 | BF2: 9.89125 | BG2: 9.89166 | BH2: 9.89183 | BI2: 9.89173 | BJ2: 9.89168 | BK2: 9.89175 | BL2: 9.89182 | BM2: 9.89181 | BN2: 9.8918 | BO2: 9.89193 | BP2: 9.89172 | BQ2: 9.89194 | BR2: 9.89204 | BS2: 9.89201 | BT2: 9.89205 | BU2: 9.89188 | BV2: 9.8917 | BW2: 9.89175 | BX2: 9.8918 | BY2: 9.8918 | BZ2: 9.89177 | CA2: 9.89173 | CB2: 9.89173 | CC2: 9.89159 | CD2: 9.89162 | CE2: 9.89171 | CF2: 9.8918 | CG2: 9.89162 | CH2: 9.89183 | CI2: 9.89176 | CJ2: 9.89178 | CK2: 9.89174 | CL2: 9.8917 | CM2: 9.89177 | CN2: 9.8917 | CO2: 9.8917 | CP2: 9.8917 | CQ2: 9.89162 | CR2: 9.8916 | CS2: 9.89162 | CT2: 9.89164 | CU2: 9.89179 | CV2: 9.89178 | CW2: 9.89151 | CX2: 9.89169 | CY2: 9.8919 | CZ2: 9.89182 | DA2: 9.89193 | DB2: 9.89192 | DC2: 9.8919 | DD2: 9.89175 | DE2: 9.8916 | DF2: 9.8915 | DG2: 9.8914 | DH2: 9.89132 | DI2: 9.89138 | DJ2: 9.89124 | DK2: 9.89137 | DL2: 9.89139 | DM2: 9.8912 | DN2: 9.89133 | DO2: 9.8914 | DP2: 9.89138 | DQ2: 9.89132 | DR2: 9.89144 | DS2: 9.89146 | DT2: 9.89145 | DU2: 9.89138 | DV2: 9.89147 | DW2: 9.89146 | DX2: 9.8913 | DY2: 9.89147 | EA2: YDDS1 | EB2: 8.62392 | EC2: 8.62351 | ED2: 8.62394 | EE2: 8.62363 | EF2: 8.62383 | EG2: 8.62395 | EH2: 8.62389 | EI2: 8.624 | EJ2: 8.62399 | EK2: 8.62403 | EL2: 8.62373 | EM2: 9.89122 | EN2: 8.6241 | EO2: 8.62418 | EP2: 8.62383 | EQ2: 8.62425 | ER2: 8.62436 | ES2: 8.62417 | ET2: 9.89128 | EU2: 8.62419 | EV2: 8.62432 | EW2: 8.62438 | EX2: 8.62392 | EY2: 8.62362 | EZ2: 8.62318 | FA2: 9.89118 | FB2: 8.62353 | FC2: 8.62375 | FD2: 8.62419 | FE2: 8.62397 | FF2: 8.62439 | FG2: 9.89124 | FH2: 8.62395 | FI2: 8.62402 | FJ2: 8.6243 | FK2: 8.62424 | FL2: 8.62397 | FM2: 9.89136 | FN2: 8.62369 | FO2: 8.62348 | FP2: 8.62332 | FQ2: 8.62324 | FR2: 8.62333 | FS2: 8.62353 | FT2: 8.62365 | FU2: 9.89125 | FV2: 8.62405 | FW2: 8.624 | FX2: 9.89117 | FY2: 8.62372 | FZ2: 8.62356 | GA2: 8.62376 | GB2: 8.6237 | GC2: 8.62356 | GD2: 8.62355
A3: YDDC01-2 | B3: 9.87115 | C3: 9.87102 | D3: 9.87104 | E3: 9.87106 | F3: 9.87105 | G3: 9.87102 | H3: 9.87104 | I3: 9.87103 | J3: 9.87115 | K3: 9.87108 | L3: 9.87109 | M3: 9.87099 | N3: 9.87117 | O3: 9.8711 | P3: 9.8712 | Q3: 9.87139 | R3: 9.870858 | S3: 9.87301 | T3: 9.87278 | U3: 9.87281 | V3: 9.8727 | W3: 9.8762 | X3: 9.87632 | Y3: 9.87637 | Z3: 9.87641 | AA3: 9.87611 | AB3: 9.8758 | AC3: 9.8753 | AD3: 9.8748 | AE3: 9.8748 | AF3: 9.87479 | AG3: 9.87545 | AH3: 9.8761 | AI3: 9.87595 | AJ3: 9.8758 | AK3: 9.87605 | AL3: 9.8763 | AM3: 9.87585 | AN3: 9.8754 | AO3: 9.87541 | AP3: 9.87541 | AQ3: 9.87553 | AR3: 9.87549 | AS3: 9.87529 | AT3: 9.8752 | AU3: 9.87536 | AV3: 9.87505 | AW3: 9.87506 | AX3: 9.87489 | AY3: 9.87477 | AZ3: 9.87491 | BA3: 9.87484 | BB3: 9.87509 | BC3: 9.87492 | BD3: 9.87499 | BE3: 9.8747 | BF3: 9.87497 | BG3: 9.87566 | BH3: 9.87596 | BI3: 9.87588 | BJ3: 9.87585 | BK3: 9.87585 | BL3: 9.87584 | BM3: 9.87597 | BN3: 9.8761 | BO3: 9.87626 | BP3: 9.87621 | BQ3: 9.87633 | BR3: 9.87638 | BS3: 9.87622 | BT3: 9.87643 | BU3: 9.87622 | BV3: 9.876 | BW3: 9.8761 | BX3: 9.8762 | BY3: 9.87621 | BZ3: 9.87619 | CA3: 9.87599 | CB3: 9.87618 | CC3: 9.87615 | CD3: 9.87622 | CE3: 9.87616 | CF3: 9.8761 | CG3: 9.8759 | CH3: 9.87594 | CI3: 9.87594 | CJ3: 9.87591 | CK3: 9.87601 | CL3: 9.8761 | CM3: 9.87609 | CN3: 9.87606 | CO3: 9.87603 | CP3: 9.876 | CQ3: 9.87588 | CR3: 9.87606 | CS3: 9.87599 | CT3: 9.8761 | CU3: 9.87606 | CV3: 9.87593 | CW3: 9.87592 | CX3: 9.87597 | CY3: 9.8761 | CZ3: 9.87599 | DA3: 9.87601 | DB3: 9.87611 | DC3: 9.8762 | DD3: 9.87615 | DE3: 9.8761 | DF3: 9.8761 | DG3: 9.8761 | DH3: 9.87631 | DI3: 9.87622 | DJ3: 9.87641 | DK3: 9.87631 | DL3: 9.87627 | DM3: 9.87627 | DN3: 9.87641 | DO3: 9.87639 | DP3: 9.87627 | DQ3: 9.8763 | DR3: 9.8763 | DS3: 9.87625 | DT3: 9.87646 | DU3: 9.8763 | DV3: 9.87643 | DW3: 9.8764 | DX3: 9.87638 | DY3: 9.87617 | EA3: YDDS2 | EB3: 8.64465 | EC3: 8.64439 | ED3: 8.64455 | EE3: 8.64438 | EF3: 8.64453 | EG3: 8.64432 | EH3: 8.64426 | EI3: 8.64412 | EJ3: 8.64398 | EK3: 8.64416 | EL3: 8.64449 | EM3: 9.87635 | EN3: 8.64488 | EO3: 8.64524 | EP3: 8.6452 | EQ3: 8.64489 | ER3: 8.64489 | ES3: 8.64457 | ET3: 9.8763 | EU3: 8.64455 | EV3: 8.64457 | EW3: 8.64462 | EX3: 8.6445 | EY3: 8.6443 | EZ3: 8.6439 | FA3: 9.87616 | FB3: 8.64426 | FC3: 8.64449 | FD3: 8.64414 | FE3: 8.64395 | FF3: 8.64434 | FG3: 9.87636 | FH3: 8.6447 | FI3: 8.64508 | FJ3: 8.64501 | FK3: 8.6447 | FL3: 8.64495 | FM3: 9.87626 | FN3: 8.64517 | FO3: 8.64483 | FP3: 8.6451 | FQ3: 8.64519 | FR3: 8.64511 | FS3: 8.64509 | FT3: 8.64499 | FU3: 9.87621 | FV3: 8.64456 | FW3: 8.64483 | FX3: 9.87628 | FY3: 8.64488 | FZ3: 8.645 | GA3: 8.64483 | GB3: 8.64503 | GC3: 8.645 | GD3: 8.64533
A4: YDDC02-1 | B4: 9.9122 | C4: 9.9121 | D4: 9.9122 | E4: 9.91206 | F4: 9.91208 | G4: 9.91217 | H4: 9.91209 | I4: 9.91212 | J4: 9.91213 | K4: 9.9121 | L4: 9.91214 | M4: 9.91201 | N4: 9.91224 | O4: 9.91209 | P4: 9.9138 | Q4: 9.91398 | R4: 9.913976 | S4: 9.91447 | T4: 9.91443 | U4: 9.91461 | V4: 9.91448 | W4: 9.9179 | X4: 9.9181 | Y4: 9.91809 | Z4: 9.91808 | AA4: 9.91764 | AB4: 9.9172 | AC4: 9.9168 | AD4: 9.9164 | AE4: 9.91653 | AF4: 9.91666 | AG4: 9.91708 | AH4: 9.9175 | AI4: 9.91745 | AJ4: 9.9174 | AK4: 9.91749 | AL4: 9.91757 | AM4: 9.91714 | AN4: 9.9167 | AO4: 9.91669 | AP4: 9.91668 | AQ4: 9.91668 | AR4: 9.91684 | AS4: 9.91681 | AT4: 9.9168 | AU4: 9.91672 | AV4: 9.91675 | AW4: 9.91683 | AX4: 9.91692 | AY4: 9.91692 | AZ4: 9.91708 | BA4: 9.91681 | BB4: 9.91693 | BC4: 9.9169 | BD4: 9.91691 | BE4: 9.91708 | BF4: 9.91684 | BG4: 9.91746 | BH4: 9.91773 | BI4: 9.91785 | BJ4: 9.9179 | BK4: 9.91793 | BL4: 9.91795 | BM4: 9.91783 | BN4: 9.9177 | BO4: 9.91775 | BP4: 9.91777 | BQ4: 9.91792 | BR4: 9.91799 | BS4: 9.91793 | BT4: 9.9178 | BU4: 9.9177 | BV4: 9.9176 | BW4: 9.91775 | BX4: 9.9179 | BY4: 9.91791 | BZ4: 9.91784 | CA4: 9.91787 | CB4: 9.9179 | CC4: 9.91783 | CD4: 9.91788 | CE4: 9.91789 | CF4: 9.9179 | CG4: 9.91771 | CH4: 9.91774 | CI4: 9.91784 | CJ4: 9.91792 | CK4: 9.91771 | CL4: 9.9175 | CM4: 9.91752 | CN4: 9.91743 | CO4: 9.91767 | CP4: 9.9179 | CQ4: 9.91783 | CR4: 9.9179 | CS4: 9.91795 | CT4: 9.91791 | CU4: 9.91778 | CV4: 9.91787 | CW4: 9.91777 | CX4: 9.91773 | CY4: 9.9182 | CZ4: 9.91812 | DA4: 9.91818 | DB4: 9.91819 | DC4: 9.9182 | DD4: 9.9181 | DE4: 9.918 | DF4: 9.918 | DG4: 9.918 | DH4: 9.91804 | DI4: 9.91804 | DJ4: 9.91816 | DK4: 9.91806 | DL4: 9.91816 | DM4: 9.91815 | DN4: 9.91802 | DO4: 9.91806 | DP4: 9.91793 | DQ4: 9.918 | DR4: 9.91791 | DS4: 9.91791 | DT4: 9.91799 | DU4: 9.91791 | DV4: 9.91815 | DW4: 9.91792 | DX4: 9.91811 | DY4: 9.91792 | EA4: YDDS3 | EB4: 8.66151 | EC4: 8.66133 | ED4: 8.66126 | EE4: 8.66116 | EF4: 8.66131 | EG4: 8.66113 | EH4: 8.66144 | EI4: 8.66179 | EJ4: 8.66168 | EK4: 8.66191 | EL4: 8.6619 | EM4: 9.91792 | EN4: 8.66142 | EO4: 8.66129 | EP4: 8.66152 | EQ4: 8.66158 | ER4: 8.66129 | ES4: 8.66105 | ET4: 9.91812 | EU4: 8.66115 | EV4: 8.66098 | EW4: 8.66117 | EX4: 8.66093 | EY4: 8.661 | EZ4: 8.66056 | FA4: 9.91791 | FB4: 8.66095 | FC4: 8.66084 | FD4: 8.66122 | FE4: 8.66094 | FF4: 8.66107 | FG4: 9.91802 | FH4: 8.66119 | FI4: 8.66138 | FJ4: 8.66126 | FK4: 8.66092 | FL4: 8.66117 | FM4: 9.9179 | FN4: 8.66132 | FO4: 8.66127 | FP4: 8.66141 | FQ4: 8.66165 | FR4: 8.66163 | FS4: 8.66147 | FT4: 8.66147 | FU4: 9.9179 | FV4: 8.66189 | FW4: 8.6617 | FX4: 9.91794 | FY4: 8.66171 | FZ4: 8.6617 | GA4: 8.66213 | GB4: 8.66193 | GC4: 8.6617 | GD4: 8.66146
A5: YDDC02-2 | B5: 9.90575 | C5: 9.9056 | D5: 9.90563 | E5: 9.90562 | F5: 9.90566 | G5: 9.9057 | H5: 9.90572 | I5: 9.90569 | J5: 9.9057 | K5: 9.90569 | L5: 9.90575 | M5: 9.90573 | N5: 9.90607 | O5: 9.90619 | P5: 9.9073 | Q5: 9.90734 | R5: 9.906918 | S5: 9.90812 | T5: 9.90795 | U5: 9.90793 | V5: 9.90802 | W5: 9.9115 | X5: 9.91148 | Y5: 9.91153 | Z5: 9.91158 | AA5: 9.91124 | AB5: 9.9109 | AC5: 9.9104 | AD5: 9.9099 | AE5: 9.90986 | AF5: 9.90982 | AG5: 9.91051 | AH5: 9.9112 | AI5: 9.9112 | AJ5: 9.91119 | AK5: 9.91113 | AL5: 9.91107 | AM5: 9.91104 | AN5: 9.911 | AO5: 9.91109 | AP5: 9.91117 | AQ5: 9.91134 | AR5: 9.91101 | AS5: 9.91051 | AT5: 9.9103 | AU5: 9.91012 | AV5: 9.91042 | AW5: 9.91062 | AX5: 9.91042 | AY5: 9.91036 | AZ5: 9.91058 | BA5: 9.9105 | BB5: 9.91054 | BC5: 9.91062 | BD5: 9.91041 | BE5: 9.91055 | BF5: 9.91054 | BG5: 9.91106 | BH5: 9.91128 | BI5: 9.91142 | BJ5: 9.91148 | BK5: 9.9115 | BL5: 9.91152 | BM5: 9.91121 | BN5: 9.9109 | BO5: 9.91111 | BP5: 9.9112 | BQ5: 9.9116 | BR5: 9.91177 | BS5: 9.91176 | BT5: 9.91186 | BU5: 9.91158 | BV5: 9.9113 | BW5: 9.9114 | BX5: 9.9115 | BY5: 9.91155 | BZ5: 9.91151 | CA5: 9.91136 | CB5: 9.9113 | CC5: 9.91121 | CD5: 9.91116 | CE5: 9.91133 | CF5: 9.9115 | CG5: 9.91157 | CH5: 9.91142 | CI5: 9.91143 | CJ5: 9.91155 | CK5: 9.91138 | CL5: 9.9112 | CM5: 9.91113 | CN5: 9.91111 | CO5: 9.91136 | CP5: 9.9116 | CQ5: 9.91164 | CR5: 9.91157 | CS5: 9.91163 | CT5: 9.91153 | CU5: 9.91158 | CV5: 9.91168 | CW5: 9.91156 | CX5: 9.91162 | CY5: 9.9117 | CZ5: 9.91163 | DA5: 9.91159 | DB5: 9.91165 | DC5: 9.9117 | DD5: 9.9116 | DE5: 9.9115 | DF5: 9.91155 | DG5: 9.9116 | DH5: 9.9115 | DI5: 9.91145 | DJ5: 9.91144 | DK5: 9.91137 | DL5: 9.91137 | DM5: 9.91161 | DN5: 9.91139 | DO5: 9.91143 | DP5: 9.91136 | DQ5: 9.91153 | DR5: 9.91155 | DS5: 9.91158 | DT5: 9.9116 | DU5: 9.91138 | DV5: 9.91156 | DW5: 9.91151 | DX5: 9.91146 | DY5: 9.91154 | EA5: YDDS4 | EB5: 8.68237 | EC5: 8.68205 | ED5: 8.68194 | EE5: 8.68201 | EF5: 8.68221 | EG5: 8.68223 | EH5: 8.68249 | EI5: 8.6827 | EJ5: 8.68271 | EK5: 8.68284 | EL5: 8.68291 | EM5: 9.91161 | EN5: 8.68287 | EO5: 8.68288 | EP5: 8.68305 | EQ5: 8.68285 | ER5: 8.68274 | ES5: 8.68279 | ET5: 9.91159 | EU5: 8.6829 | EV5: 8.68281 | EW5: 8.68301 | EX5: 8.68263 | EY5: 8.68268 | EZ5: 8.68232 | FA5: 9.91144 | FB5: 8.68265 | FC5: 8.68267 | FD5: 8.68253 | FE5: 8.68266 | FF5: 8.68275 | FG5: 9.91163 | FH5: 8.68292 | FI5: 8.68278 | FJ5: 8.68279 | FK5: 8.68299 | FL5: 8.6828 | FM5: 9.91158 | FN5: 8.68301 | FO5: 8.68261 | FP5: 8.68286 | FQ5: 8.68278 | FR5: 8.68297 | FS5: 8.6826 | FT5: 8.68242 | FU5: 9.91135 | FV5: 8.68254 | FW5: 8.68252 | FX5: 9.91145 | FY5: 8.68245 | FZ5: 8.68271 | GA5: 8.68246 | GB5: 8.68257 | GC5: 8.68271 | GD5: 8.68235
A6: YDDC03-1 | B6: 9.93035 | C6: 9.93021 | D6: 9.93024 | E6: 9.93032 | F6: 9.93033 | G6: 9.93031 | H6: 9.93021 | I6: 9.93028 | J6: 9.93031 | K6: 9.93036 | L6: 9.93034 | M6: 9.93034 | N6: 9.93065 | O6: 9.93072 | P6: 9.932 | Q6: 9.93221 | R6: 9.932536 | S6: 9.93245 | T6: 9.93206 | U6: 9.93225 | V6: 9.93219 | W6: 9.9363 | X6: 9.93643 | Y6: 9.93631 | Z6: 9.93619 | AA6: 9.9358 | AB6: 9.9354 | AC6: 9.9348 | AD6: 9.9342 | AE6: 9.9343 | AF6: 9.9344 | AG6: 9.93505 | AH6: 9.9357 | AI6: 9.93563 | AJ6: 9.93556 | AK6: 9.93558 | AL6: 9.93559 | AM6: 9.93511 | AN6: 9.93462 | AO6: 9.93463 | AP6: 9.93464 | AQ6: 9.93446 | AR6: 9.93484 | AS6: 9.93488 | AT6: 9.9349 | AU6: 9.93478 | AV6: 9.93498 | AW6: 9.93501 | AX6: 9.93499 | AY6: 9.93486 | AZ6: 9.93483 | BA6: 9.93504 | BB6: 9.93503 | BC6: 9.93484 | BD6: 9.9348 | BE6: 9.935 | BF6: 9.93497 | BG6: 9.93566 | BH6: 9.93596 | BI6: 9.93588 | BJ6: 9.93585 | BK6: 9.93576 | BL6: 9.93566 | BM6: 9.93573 | BN6: 9.9358 | BO6: 9.93586 | BP6: 9.93585 | BQ6: 9.93618 | BR6: 9.93632 | BS6: 9.93631 | BT6: 9.93614 | BU6: 9.93602 | BV6: 9.9359 | BW6: 9.93595 | BX6: 9.936 | BY6: 9.93588 | BZ6: 9.93583 | CA6: 9.93602 | CB6: 9.9361 | CC6: 9.93611 | CD6: 9.936 | CE6: 9.93605 | CF6: 9.9361 | CG6: 9.93595 | CH6: 9.93596 | CI6: 9.93603 | CJ6: 9.93603 | CK6: 9.93599 | CL6: 9.936 | CM6: 9.93593 | CN6: 9.93605 | CO6: 9.93598 | CP6: 9.9359 | CQ6: 9.9359 | CR6: 9.93577 | CS6: 9.93594 | CT6: 9.93571 | CU6: 9.93578 | CV6: 9.93592 | CW6: 9.93581 | CX6: 9.93587 | CY6: 9.9362 | CZ6: 9.9362 | DA6: 9.93619 | DB6: 9.93613 | DC6: 9.93626 | DD6: 9.93613 | DE6: 9.936 | DF6: 9.9363 | DG6: 9.9366 | DH6: 9.93674 | DI6: 9.93672 | DJ6: 9.93663 | DK6: 9.93671 | DL6: 9.93668 | DM6: 9.93678 | DN6: 9.9366 | DO6: 9.93682 | DP6: 9.93673 | DQ6: 9.93679 | DR6: 9.93672 | DS6: 9.93685 | DT6: 9.93675 | DU6: 9.93683 | DV6: 9.93681 | DW6: 9.93663 | DX6: 9.93663 | DY6: 9.93678 | EA6: YDDS5 | EB6: 8.70047 | EC6: 8.70025 | ED6: 8.69991 | EE6: 8.70016 | EF6: 8.7005 | EG6: 8.70083 | EH6: 8.70057 | EI6: 8.70088 | EJ6: 8.70081 | EK6: 8.70069 | EL6: 8.70093 | EM6: 9.93665 | EN6: 8.70102 | EO6: 8.7011 | EP6: 8.70112 | EQ6: 8.70091 | ER6: 8.70046 | ES6: 8.70073 | ET6: 9.93685 | EU6: 8.70068 | EV6: 8.70066 | EW6: 8.70091 | EX6: 8.70071 | EY6: 8.70034 | EZ6: 8.70007 | FA6: 9.93664 | FB6: 8.70052 | FC6: 8.7005 | FD6: 8.70063 | FE6: 8.70043 | FF6: 8.70068 | FG6: 9.93685 | FH6: 8.7004 | FI6: 8.70028 | FJ6: 8.70065 | FK6: 8.70063 | FL6: 8.70089 | FM6: 9.9368 | FN6: 8.70089 | FO6: 8.70068 | FP6: 8.70046 | FQ6: 8.70009 | FR6: 8.7003 | FS6: 8.69993 | FT6: 8.70007 | FU6: 9.93682 | FV6: 8.69991 | FW6: 8.70002 | FX6: 9.93669 | FY6: 8.70004 | FZ6: 8.69997 | GA6: 8.69999 | GB6: 8.69993 | GC6: 8.69997 | GD6: 8.70002
A7: YDDC03-2 | B7: 9.93525 | C7: 9.93521 | D7: 9.93512 | E7: 9.9352 | F7: 9.93517 | G7: 9.9352 | H7: 9.93514 | I7: 9.93525 | J7: 9.93517 | K7: 9.93524 | L7: 9.9351 | M7: 9.93506 | N7: 9.93544 | O7: 9.93549 | P7: 9.9369 | Q7: 9.93704 | R7: 9.937286 | S7: 9.93781 | T7: 9.9377 | U7: 9.93766 | V7: 9.93786 | W7: 9.9412 | X7: 9.94139 | Y7: 9.94153 | Z7: 9.94166 | AA7: 9.94093 | AB7: 9.9402 | AC7: 9.93985 | AD7: 9.9395 | AE7: 9.93952 | AF7: 9.93953 | AG7: 9.94002 | AH7: 9.9405 | AI7: 9.94051 | AJ7: 9.94052 | AK7: 9.94053 | AL7: 9.94054 | AM7: 9.94007 | AN7: 9.93959 | AO7: 9.9399 | AP7: 9.9402 | AQ7: 9.94016 | AR7: 9.94035 | AS7: 9.94004 | AT7: 9.9399 | AU7: 9.93971 | AV7: 9.93973 | AW7: 9.93963 | AX7: 9.9398 | AY7: 9.93996 | AZ7: 9.93964 | BA7: 9.93975 | BB7: 9.93964 | BC7: 9.93979 | BD7: 9.93971 | BE7: 9.93973 | BF7: 9.93993 | BG7: 9.94055 | BH7: 9.94082 | BI7: 9.94085 | BJ7: 9.94086 | BK7: 9.94087 | BL7: 9.94088 | BM7: 9.94074 | BN7: 9.9406 | BO7: 9.94072 | BP7: 9.94052 | BQ7: 9.94091 | BR7: 9.94107 | BS7: 9.94094 | BT7: 9.94107 | BU7: 9.94094 | BV7: 9.9408 | BW7: 9.94075 | BX7: 9.9407 | BY7: 9.94076 | BZ7: 9.94079 | CA7: 9.94094 | CB7: 9.941 | CC7: 9.94095 | CD7: 9.94091 | CE7: 9.94086 | CF7: 9.9408 | CG7: 9.94085 | CH7: 9.94088 | CI7: 9.94086 | CJ7: 9.94086 | CK7: 9.94077 | CL7: 9.94075 | CM7: 9.94068 | CN7: 9.94069 | CO7: 9.9408 | CP7: 9.9409 | CQ7: 9.94079 | CR7: 9.941 | CS7: 9.94083 | CT7: 9.94089 | CU7: 9.94086 | CV7: 9.94083 | CW7: 9.9409 | CX7: 9.9408 | CY7: 9.9411 | CZ7: 9.94117 | DA7: 9.94104 | DB7: 9.94108 | DC7: 9.94107 | DD7: 9.94104 | DE7: 9.941 | DF7: 9.94125 | DG7: 9.9415 | DH7: 9.94129 | DI7: 9.94147 | DJ7: 9.94132 | DK7: 9.94117 | DL7: 9.94122 | DM7: 9.94125 | DN7: 9.94125 | DO7: 9.94116 | DP7: 9.94133 | DQ7: 9.94143 | DR7: 9.94117 | DS7: 9.94143 | DT7: 9.94116 | DU7: 9.94132 | DV7: 9.94122 | DW7: 9.94143 | DX7: 9.94123 | DY7: 9.94136 | EA7: YDDS6 | EB7: 8.72277 | EC7: 8.72253 | ED7: 8.72241 | EE7: 8.72266 | EF7: 8.72232 | EG7: 8.72212 | EH7: 8.72248 | EI7: 8.7227 | EJ7: 8.72231 | EK7: 8.72226 | EL7: 8.72248 | EM7: 9.94123 | EN7: 8.72238 | EO7: 8.72207 | EP7: 8.72228 | EQ7: 8.72258 | ER7: 8.72236 | ES7: 8.72232 | ET7: 9.9413 | EU7: 8.72272 | EV7: 8.72292 | EW7: 8.72315 | EX7: 8.7228 | EY7: 8.72258 | EZ7: 8.72226 | FA7: 9.94114 | FB7: 8.72266 | FC7: 8.7223 | FD7: 8.72241 | FE7: 8.72281 | FF7: 8.72245 | FG7: 9.94117 | FH7: 8.72229 | FI7: 8.72232 | FJ7: 8.72244 | FK7: 8.72249 | FL7: 8.72239 | FM7: 9.94132 | FN7: 8.72229 | FO7: 8.72207 | FP7: 8.72247 | FQ7: 8.7225 | FR7: 8.72285 | FS7: 8.72264 | FT7: 8.72227 | FU7: 9.94134 | FV7: 8.72236 | FW7: 8.72222 | FX7: 9.94134 | FY7: 8.72238 | FZ7: 8.72208 | GA7: 8.7225 | GB7: 8.72216 | GC7: 8.72208 | GD7: 8.72244
A8: YDDC04-1 | B8: 9.93745 | C8: 9.93741 | D8: 9.93738 | E8: 9.93741 | F8: 9.93735 | G8: 9.93746 | H8: 9.93746 | I8: 9.93738 | J8: 9.93733 | K8: 9.93741 | L8: 9.93739 | M8: 9.93724 | N8: 9.93726 | O8: 9.93767 | P8: 9.9392 | Q8: 9.93941 | R8: 9.939916 | S8: 9.941 | T8: 9.94098 | U8: 9.9409 | V8: 9.94109 | W8: 9.9436 | X8: 9.9437 | Y8: 9.94372 | Z8: 9.94373 | AA8: 9.94327 | AB8: 9.9428 | AC8: 9.94215 | AD8: 9.9415 | AE8: 9.94147 | AF8: 9.94143 | AG8: 9.94212 | AH8: 9.9428 | AI8: 9.9428 | AJ8: 9.94279 | AK8: 9.94271 | AL8: 9.94262 | AM8: 9.94231 | AN8: 9.942 | AO8: 9.94219 | AP8: 9.94237 | AQ8: 9.9424 | AR8: 9.94234 | AS8: 9.94231 | AT8: 9.9423 | AU8: 9.94235 | AV8: 9.9424 | AW8: 9.94256 | AX8: 9.94239 | AY8: 9.94222 | AZ8: 9.9423 | BA8: 9.94244 | BB8: 9.94242 | BC8: 9.94222 | BD8: 9.94243 | BE8: 9.9423 | BF8: 9.94225 | BG8: 9.94309 | BH8: 9.94345 | BI8: 9.94335 | BJ8: 9.9433 | BK8: 9.9434 | BL8: 9.94349 | BM8: 9.9433 | BN8: 9.9431 | BO8: 9.94313 | BP8: 9.94308 | BQ8: 9.94365 | BR8: 9.9439 | BS8: 9.94376 | BT8: 9.94395 | BU8: 9.94363 | BV8: 9.9433 | BW8: 9.9434 | BX8: 9.9435 | BY8: 9.94356 | BZ8: 9.94334 | CA8: 9.94359 | CB8: 9.9437 | CC8: 9.94353 | CD8: 9.94375 | CE8: 9.94378 | CF8: 9.9438 | CG8: 9.94387 | CH8: 9.94363 | CI8: 9.94366 | CJ8: 9.94381 | CK8: 9.94368 | CL8: 9.94372 | CM8: 9.94361 | CN8: 9.94376 | CO8: 9.94353 | CP8: 9.9433 | CQ8: 9.9434 | CR8: 9.94319 | CS8: 9.9432 | CT8: 9.94317 | CU8: 9.94334 | CV8: 9.94337 | CW8: 9.94316 | CX8: 9.94316 | CY8: 9.9435 | CZ8: 9.94352 | DA8: 9.94337 | DB8: 9.94332 | DC8: 9.94331 | DD8: 9.94346 | DE8: 9.9436 | DF8: 9.94395 | DG8: 9.9443 | DH8: 9.94466 | DI8: 9.94469 | DJ8: 9.94465 | DK8: 9.9446 | DL8: 9.9447 | DM8: 9.94454 | DN8: 9.94458 | DO8: 9.94462 | DP8: 9.94474 | DQ8: 9.94468 | DR8: 9.94461 | DS8: 9.94462 | DT8: 9.94477 | DU8: 9.9447 | DV8: 9.94477 | DW8: 9.94454 | DX8: 9.94466 | DY8: 9.9448 | EA8: YDDS7 | EB8: 8.74846 | EC8: 8.74833 | ED8: 8.74799 | EE8: 8.74835 | EF8: 8.74862 | EG8: 8.74841 | EH8: 8.74829 | EI8: 8.74811 | EJ8: 8.74785 | EK8: 8.7482 | EL8: 8.748552 | EM8: 9.9446 | EN8: 8.74876 | EO8: 8.7488 | EP8: 8.74886 | EQ8: 8.74851 | ER8: 8.74853 | ES8: 8.74824 | ET8: 9.9446 | EU8: 8.74801 | EV8: 8.74795 | EW8: 8.74806 | EX8: 8.7484 | EY8: 8.74863 | EZ8: 8.74862 | FA8: 9.9448 | FB8: 8.74875 | FC8: 8.74833 | FD8: 8.74843 | FE8: 8.74843 | FF8: 8.74889 | FG8: 9.94476 | FH8: 8.7488 | FI8: 8.74846 | FJ8: 8.74823 | FK8: 8.74792 | FL8: 8.74803 | FM8: 9.94471 | FN8: 8.74841 | FO8: 8.74825 | FP8: 8.74798 | FQ8: 8.74818 | FR8: 8.74861 | FS8: 8.74843 | FT8: 8.74801 | FU8: 9.94476 | FV8: 8.74821 | FW8: 8.74788 | FX8: 9.94474 | FY8: 8.74827 | FZ8: 8.74839 | GA8: 8.74799 | GB8: 8.74815 | GC8: 8.74839 | GD8: 8.74803
A9: YDDC04-2 | B9: 9.95605 | C9: 9.956 | D9: 9.956 | E9: 9.95603 | F9: 9.95601 | G9: 9.95597 | H9: 9.95598 | I9: 9.95602 | J9: 9.95596 | K9: 9.95602 | L9: 9.95598 | M9: 9.95598 | N9: 9.95635 | O9: 9.95641 | P9: 9.9576 | Q9: 9.95759 | R9: 9.957996 | S9: 9.95934 | T9: 9.95916 | U9: 9.95922 | V9: 9.95908 | W9: 9.9618 | X9: 9.96177 | Y9: 9.96181 | Z9: 9.96185 | AA9: 9.96143 | AB9: 9.961 | AC9: 9.9606 | AD9: 9.9602 | AE9: 9.96021 | AF9: 9.96022 | AG9: 9.96096 | AH9: 9.9617 | AI9: 9.9617 | AJ9: 9.96169 | AK9: 9.96175 | AL9: 9.9618 | AM9: 9.96135 | AN9: 9.9609 | AO9: 9.96103 | AP9: 9.96116 | AQ9: 9.96127 | AR9: 9.96103 | AS9: 9.96087 | AT9: 9.9608 | AU9: 9.96092 | AV9: 9.96073 | AW9: 9.96077 | AX9: 9.96054 | AY9: 9.96058 | AZ9: 9.96047 | BA9: 9.96067 | BB9: 9.96048 | BC9: 9.96066 | BD9: 9.96036 | BE9: 9.96048 | BF9: 9.96074 | BG9: 9.96148 | BH9: 9.9618 | BI9: 9.9618 | BJ9: 9.9618 | BK9: 9.96189 | BL9: 9.96198 | BM9: 9.96174 | BN9: 9.9615 | BO9: 9.96159 | BP9: 9.96146 | BQ9: 9.96204 | BR9: 9.96229 | BS9: 9.96233 | BT9: 9.96222 | BU9: 9.96216 | BV9: 9.9621 | BW9: 9.96195 | BX9: 9.9618 | BY9: 9.96162 | BZ9: 9.96174 | CA9: 9.96199 | CB9: 9.9621 | CC9: 9.96204 | CD9: 9.96204 | CE9: 9.96212 | CF9: 9.9622 | CG9: 9.96213 | CH9: 9.96214 | CI9: 9.9622 | CJ9: 9.96219 | CK9: 9.96224 | CL9: 9.96202 | CM9: 9.96194 | CN9: 9.9619 | CO9: 9.96175 | CP9: 9.9616 | CQ9: 9.96157 | CR9: 9.96168 | CS9: 9.9617 | CT9: 9.96147 | CU9: 9.96162 | CV9: 9.96165 | CW9: 9.9616 | CX9: 9.96151 | CY9: 9.962 | CZ9: 9.96209 | DA9: 9.96188 | DB9: 9.96202 | DC9: 9.96207 | DD9: 9.96194 | DE9: 9.9618 | DF9: 9.9622 | DG9: 9.9626 | DH9: 9.96289 | DI9: 9.96273 | DJ9: 9.96301 | DK9: 9.96277 | DL9: 9.96278 | DM9: 9.96285 | DN9: 9.96275 | DO9: 9.96283 | DP9: 9.96295 | DQ9: 9.96279 | DR9: 9.96294 | DS9: 9.96295 | DT9: 9.96277 | DU9: 9.96289 | DV9: 9.96298 | DW9: 9.96281 | DX9: 9.96297 | DY9: 9.96304 | EA9: YDDS8 | EB9: 8.75411 | EC9: 8.75405 | ED9: 8.75376 | EE9: 8.75402 | EF9: 8.75437 | EG9: 8.75452 | EH9: 8.75426 | EI9: 8.75409 | EJ9: 8.75385 | EK9: 8.75392 | EL9: 8.75431 | EM9: 9.9629 | EN9: 8.75368 | EO9: 8.75358 | EP9: 8.75356 | EQ9: 8.75382 | ER9: 8.75412 | ES9: 8.75421 | ET9: 9.96298 | EU9: 8.7548 | EV9: 8.75472 | EW9: 8.75473 | EX9: 8.75461 | EY9: 8.75427 | EZ9: 8.75423 | FA9: 9.96301 | FB9: 8.75455 | FC9: 8.75471 | FD9: 8.75428 | FE9: 8.75441 | FF9: 8.75435 | FG9: 9.96294 | FH9: 8.7543 | FI9: 8.75409 | FJ9: 8.75383 | FK9: 8.75403 | FL9: 8.75414 | FM9: 9.96278 | FN9: 8.75407 | FO9: 8.75424 | FP9: 8.75418 | FQ9: 8.75383 | FR9: 8.7541 | FS9: 8.75392 | FT9: 8.75387 | FU9: 9.96278 | FV9: 8.75412 | FW9: 8.75419 | FX9: 9.96287 | FY9: 8.75392 | FZ9: 8.75381 | GA9: 8.75404 | GB9: 8.75395 | GC9: 8.75381 | GD9: 8.75416
A10: YDDC05-1 | B10: 9.9534 | C10: 9.95336 | D10: 9.95336 | E10: 9.9534 | F10: 9.95327 | G10: 9.95325 | H10: 9.95338 | I10: 9.95326 | J10: 9.95326 | K10: 9.9533 | L10: 9.95327 | M10: 9.95322 | N10: 9.9535 | O10: 9.95395 | P10: 9.9551 | Q10: 9.95509 | R10: 9.955967 | S10: 9.95685 | T10: 9.95673 | U10: 9.95666 | V10: 9.95665 | W10: 9.959 | X10: 9.95907 | Y10: 9.95906 | Z10: 9.95904 | AA10: 9.95902 | AB10: 9.959 | AC10: 9.95815 | AD10: 9.9573 | AE10: 9.95736 | AF10: 9.95742 | AG10: 9.95801 | AH10: 9.9586 | AI10: 9.95853 | AJ10: 9.95845 | AK10: 9.95857 | AL10: 9.95869 | AM10: 9.95845 | AN10: 9.9582 | AO10: 9.95842 | AP10: 9.95864 | AQ10: 9.9585 | AR10: 9.95871 | AS10: 9.95863 | AT10: 9.9586 | AU10: 9.95846 | AV10: 9.95842 | AW10: 9.95843 | AX10: 9.95826 | AY10: 9.95844 | AZ10: 9.95831 | BA10: 9.95817 | BB10: 9.95824 | BC10: 9.95834 | BD10: 9.9584 | BE10: 9.95826 | BF10: 9.95843 | BG10: 9.95931 | BH10: 9.95969 | BI10: 9.95977 | BJ10: 9.9598 | BK10: 9.95984 | BL10: 9.95988 | BM10: 9.95969 | BN10: 9.9595 | BO10: 9.95947 | BP10: 9.95966 | BQ10: 9.96006 | BR10: 9.96023 | BS10: 9.96018 | BT10: 9.9603 | BU10: 9.96 | BV10: 9.9597 | BW10: 9.95975 | BX10: 9.9598 | BY10: 9.95967 | BZ10: 9.95982 | CA10: 9.95995 | CB10: 9.96 | CC10: 9.96004 | CD10: 9.95997 | CE10: 9.96004 | CF10: 9.9601 | CG10: 9.96018 | CH10: 9.96011 | CI10: 9.96019 | CJ10: 9.96016 | CK10: 9.96016 | CL10: 9.95996 | CM10: 9.96001 | CN10: 9.96004 | CO10: 9.95982 | CP10: 9.9596 | CQ10: 9.95949 | CR10: 9.95965 | CS10: 9.9596 | CT10: 9.95954 | CU10: 9.95949 | CV10: 9.95946 | CW10: 9.95958 | CX10: 9.95948 | CY10: 9.9598 | CZ10: 9.95985 | DA10: 9.95962 | DB10: 9.95969 | DC10: 9.95967 | DD10: 9.95984 | DE10: 9.96 | DF10: 9.96035 | DG10: 9.9607 | DH10: 9.96066 | DI10: 9.96074 | DJ10: 9.96055 | DK10: 9.96065 | DL10: 9.96078 | DM10: 9.96066 | DN10: 9.9606 | DO10: 9.9606 | DP10: 9.96063 | DQ10: 9.96052 | DR10: 9.96057 | DS10: 9.96062 | DT10: 9.96065 | DU10: 9.96065 | DV10: 9.96076 | DW10: 9.96055 | DX10: 9.9608 | DY10: 9.96064 | EA10: YDDS9 | EB10: 8.7649 | EC10: 8.76472 | ED10: 8.76437 | EE10: 8.7648 | EF10: 8.76482 | EG10: 8.76476 | EH10: 8.76453 | EI10: 8.76464 | EJ10: 8.76494 | EK10: 8.76522 | EL10: 8.76502 | EM10: 9.96055 | EN10: 8.76521 | EO10: 8.76506 | EP10: 8.7646 | EQ10: 8.76446 | ER10: 8.76428 | ES10: 8.76428 | ET10: 9.96072 | EU10: 8.76423 | EV10: 8.76436 | EW10: 8.76458 | EX10: 8.765 | EY10: 8.76501 | EZ10: 8.76544 | FA10: 9.96057 | FB10: 8.76513 | FC10: 8.76556 | FD10: 8.76535 | FE10: 8.76547 | FF10: 8.76552 | FG10: 9.96052 | FH10: 8.76536 | FI10: 8.76502 | FJ10: 8.76473 | FK10: 8.7648 | FL10: 8.76448 | FM10: 9.96057 | FN10: 8.76462 | FO10: 8.76494 | FP10: 8.76484 | FQ10: 8.76467 | FR10: 8.76489 | FS10: 8.7651 | FT10: 8.76528 | FU10: 9.96054 | FV10: 8.7651 | FW10: 8.7653 | FX10: 9.96076 | FY10: 8.76558 | FZ10: 8.76556 | GA10: 8.76551 | GB10: 8.76545 | GC10: 8.76556 | GD10: 8.76524
A11: YDDC05-2 | B11: 9.96435 | C11: 9.96435 | D11: 9.96425 | E11: 9.96434 | F11: 9.9643 | G11: 9.96427 | H11: 9.96429 | I11: 9.96434 | J11: 9.96427 | K11: 9.9642 | L11: 9.96434 | M11: 9.96424 | N11: 9.96448 | O11: 9.96477 | P11: 9.9662 | Q11: 9.9662 | R11: 9.966459 | S11: 9.96799 | T11: 9.96772 | U11: 9.96764 | V11: 9.96766 | W11: 9.9706 | X11: 9.97079 | Y11: 9.97087 | Z11: 9.97094 | AA11: 9.97047 | AB11: 9.97 | AC11: 9.9692 | AD11: 9.9684 | AE11: 9.96837 | AF11: 9.96833 | AG11: 9.96897 | AH11: 9.9696 | AI11: 9.96954 | AJ11: 9.96947 | AK11: 9.9695 | AL11: 9.96953 | AM11: 9.96937 | AN11: 9.9692 | AO11: 9.96946 | AP11: 9.96972 | AQ11: 9.96975 | AR11: 9.96955 | AS11: 9.96973 | AT11: 9.9698 | AU11: 9.96984 | AV11: 9.96985 | AW11: 9.96965 | AX11: 9.96996 | AY11: 9.9698 | AZ11: 9.96991 | BA11: 9.96997 | BB11: 9.96986 | BC11: 9.96997 | BD11: 9.97012 | BE11: 9.97004 | BF11: 9.97 | BG11: 9.97054 | BH11: 9.97077 | BI11: 9.97081 | BJ11: 9.97082 | BK11: 9.97084 | BL11: 9.97085 | BM11: 9.97073 | BN11: 9.9706 | BO11: 9.97057 | BP11: 9.97056 | BQ11: 9.97106 | BR11: 9.97128 | BS11: 9.97122 | BT11: 9.97132 | BU11: 9.97101 | BV11: 9.9707 | BW11: 9.97075 | BX11: 9.9708 | BY11: 9.97086 | BZ11: 9.97068 | CA11: 9.97083 | CB11: 9.9709 | CC11: 9.97082 | CD11: 9.97089 | CE11: 9.971 | CF11: 9.9711 | CG11: 9.9711 | CH11: 9.97091 | CI11: 9.97098 | CJ11: 9.97115 | CK11: 9.97094 | CL11: 9.97118 | CM11: 9.97116 | CN11: 9.97123 | CO11: 9.97092 | CP11: 9.9706 | CQ11: 9.97049 | CR11: 9.97055 | CS11: 9.9704 | CT11: 9.97074 | CU11: 9.97066 | CV11: 9.97044 | CW11: 9.97042 | CX11: 9.97043 | CY11: 9.9709 | CZ11: 9.97097 | DA11: 9.97099 | DB11: 9.97092 | DC11: 9.97074 | DD11: 9.97087 | DE11: 9.971 | DF11: 9.9714 | DG11: 9.9718 | DH11: 9.97168 | DI11: 9.97157 | DJ11: 9.97175 | DK11: 9.97161 | DL11: 9.97174 | DM11: 9.97174 | DN11: 9.97162 | DO11: 9.97158 | DP11: 9.97165 | DQ11: 9.97177 | DR11: 9.97157 | DS11: 9.97173 | DT11: 9.97157 | DU11: 9.97172 | DV11: 9.97171 | DW11: 9.97174 | DX11: 9.97174 | DY11: 9.97163 | EA11: YDDS10 | EB11: 8.80242 | EC11: 8.80231 | ED11: 8.80195 | EE11: 8.80231 | EF11: 8.80237 | EG11: 8.80215 | EH11: 8.80241 | EI11: 8.80234 | EJ11: 8.80237 | EK11: 8.80229 | EL11: 8.80266 | EM11: 9.97156 | EN11: 8.80305 | EO11: 8.80268 | EP11: 8.80259 | EQ11: 8.80238 | ER11: 8.80224 | ES11: 8.80252 | ET11: 9.97181 | EU11: 8.80282 | EV11: 8.80276 | EW11: 8.80274 | EX11: 8.80235 | EY11: 8.8026 | EZ11: 8.80295 | FA11: 9.97181 | FB11: 8.8031 | FC11: 8.80272 | FD11: 8.80243 | FE11: 8.80256 | FF11: 8.80243 | FG11: 9.97161 | FH11: 8.80202 | FI11: 8.80197 | FJ11: 8.80225 | FK11: 8.80257 | FL11: 8.80276 | FM11: 9.97165 | FN11: 8.80257 | FO11: 8.80252 | FP11: 8.8023 | FQ11: 8.80261 | FR11: 8.80232 | FS11: 8.80211 | FT11: 8.80199 | FU11: 9.97155 | FV11: 8.80204 | FW11: 8.80174 | FX11: 9.9718 | FY11: 8.80207 | FZ11: 8.80194 | GA11: 8.80186 | GB11: 8.80179 | GC11: 8.80194 | GD11: 8.80238
A12: YDDC06-1 | B12: 9.9689 | C12: 9.9689 | D12: 9.96878 | E12: 9.96879 | F12: 9.9688 | G12: 9.96883 | H12: 9.96884 | I12: 9.96887 | J12: 9.96875 | K12: 9.96876 | L12: 9.96879 | M12: 9.96874 | N12: 9.96905 | O12: 9.96926 | P12: 9.9705 | Q12: 9.97059 | R12: 9.970803 | S12: 9.97225 | T12: 9.97207 | U12: 9.97218 | V12: 9.97221 | W12: 9.9746 | X12: 9.9746 | Y12: 9.97466 | Z12: 9.97471 | AA12: 9.97431 | AB12: 9.9739 | AC12: 9.9736 | AD12: 9.9733 | AE12: 9.97344 | AF12: 9.97358 | AG12: 9.97419 | AH12: 9.9748 | AI12: 9.9748 | AJ12: 9.9748 | AK12: 9.97488 | AL12: 9.97496 | AM12: 9.97448 | AN12: 9.97399 | AO12: 9.97421 | AP12: 9.97443 | AQ12: 9.97452 | AR12: 9.97438 | AS12: 9.97411 | AT12: 9.974 | AU12: 9.97399 | AV12: 9.97409 | AW12: 9.97398 | AX12: 9.9741 | AY12: 9.97411 | AZ12: 9.97425 | BA12: 9.97402 | BB12: 9.97403 | BC12: 9.97411 | BD12: 9.97418 | BE12: 9.97402 | BF12: 9.97393 | BG12: 9.97481 | BH12: 9.97518 | BI12: 9.97524 | BJ12: 9.97526 | BK12: 9.97519 | BL12: 9.97512 | BM12: 9.97511 | BN12: 9.9751 | BO12: 9.9752 | BP12: 9.97513 | BQ12: 9.9754 | BR12: 9.97551 | BS12: 9.97537 | BT12: 9.97538 | BU12: 9.97529 | BV12: 9.9752 | BW12: 9.97525 | BX12: 9.9753 | BY12: 9.97513 | BZ12: 9.9751 | CA12: 9.97538 | CB12: 9.9755 | CC12: 9.97554 | CD12: 9.97547 | CE12: 9.97544 | CF12: 9.9754 | CG12: 9.97527 | CH12: 9.97524 | CI12: 9.97541 | CJ12: 9.97532 | CK12: 9.9753 | CL12: 9.97544 | CM12: 9.97551 | CN12: 9.97554 | CO12: 9.97537 | CP12: 9.9752 | CQ12: 9.97523 | CR12: 9.97523 | CS12: 9.97506 | CT12: 9.97503 | CU12: 9.97504 | CV12: 9.97522 | CW12: 9.97512 | CX12: 9.97512 | CY12: 9.9755 | CZ12: 9.97555 | DA12: 9.97546 | DB12: 9.97535 | DC12: 9.97535 | DD12: 9.97533 | DE12: 9.9753 | DF12: 9.9756 | DG12: 9.9759 | DH12: 9.97581 | DI12: 9.97588 | DJ12: 9.97587 | DK12: 9.9758 | DL12: 9.97591 | DM12: 9.97581 | DN12: 9.97576 | DO12: 9.97593 | DP12: 9.97575 | DQ12: 9.97596 | DR12: 9.97589 | DS12: 9.97579 | DT12: 9.97573 | DU12: 9.97573 | DV12: 9.97578 | DW12: 9.97582 | DX12: 9.97589 | DY12: 9.97567 | EA12: YDDS11 | EB12: 8.80637 | EC12: 8.80623 | ED12: 8.80597 | EE12: 8.80631 | EF12: 8.80613 | EG12: 8.8065 | EH12: 8.80654 | EI12: 8.80647 | EJ12: 8.80642 | EK12: 8.80619 | EL12: 8.80584 | EM12: 9.97591 | EN12: 8.80671 | EO12: 8.80678 | EP12: 8.80652 | EQ12: 8.80688 | ER12: 8.80656 | ES12: 8.80626 | ET12: 9.97573 | EU12: 8.80635 | EV12: 8.80633 | EW12: 8.80615 | EX12: 8.80578 | EY12: 8.80591 | EZ12: 8.8063 | FA12: 9.97585 | FB12: 8.80629 | FC12: 8.80625 | FD12: 8.80597 | FE12: 8.8059 | FF12: 8.80577 | FG12: 9.97585 | FH12: 8.80595 | FI12: 8.80568 | FJ12: 8.80577 | FK12: 8.80589 | FL12: 8.80603 | FM12: 9.97587 | FN12: 8.8059 | FO12: 8.80608 | FP12: 8.80642 | FQ12: 8.80677 | FR12: 8.807 | FS12: 8.80689 | FT12: 8.8068 | FU12: 9.97582 | FV12: 8.80661 | FW12: 8.80666 | FX12: 9.9757 | FY12: 8.807 | FZ12: 8.80685 | GA12: 8.80668 | GB12: 8.80688 | GC12: 8.80685 | GD12: 8.80681
A13: YDDC06-2 | B13: 9.9732 | C13: 9.97318 | D13: 9.97307 | E13: 9.97313 | F13: 9.97311 | G13: 9.97316 | H13: 9.9732 | I13: 9.97309 | J13: 9.97319 | K13: 9.97313 | L13: 9.97314 | M13: 9.9731 | N13: 9.97317 | O13: 9.97353 | P13: 9.9752 | Q13: 9.97541 | R13: 9.974492 | S13: 9.97676 | T13: 9.97664 | U13: 9.97683 | V13: 9.97663 | W13: 9.9791 | X13: 9.97912 | Y13: 9.9791 | Z13: 9.97907 | AA13: 9.97894 | AB13: 9.9788 | AC13: 9.9783 | AD13: 9.9778 | AE13: 9.97794 | AF13: 9.97807 | AG13: 9.97844 | AH13: 9.9788 | AI13: 9.9788 | AJ13: 9.97879 | AK13: 9.9788 | AL13: 9.9788 | AM13: 9.9785 | AN13: 9.9782 | AO13: 9.97829 | AP13: 9.97837 | AQ13: 9.97843 | AR13: 9.97855 | AS13: 9.97859 | AT13: 9.9786 | AU13: 9.97846 | AV13: 9.97856 | AW13: 9.97875 | AX13: 9.97876 | AY13: 9.97872 | AZ13: 9.9787 | BA13: 9.97892 | BB13: 9.97895 | BC13: 9.97871 | BD13: 9.97893 | BE13: 9.97878 | BF13: 9.97878 | BG13: 9.97949 | BH13: 9.9798 | BI13: 9.97971 | BJ13: 9.97967 | BK13: 9.97965 | BL13: 9.97963 | BM13: 9.97967 | BN13: 9.9797 | BO13: 9.97989 | BP13: 9.97985 | BQ13: 9.98021 | BR13: 9.98036 | BS13: 9.98028 | BT13: 9.98027 | BU13: 9.98004 | BV13: 9.9798 | BW13: 9.9799 | BX13: 9.98 | BY13: 9.9798 | BZ13: 9.9798 | CA13: 9.98001 | CB13: 9.9801 | CC13: 9.98019 | CD13: 9.97996 | CE13: 9.97998 | CF13: 9.98 | CG13: 9.97996 | CH13: 9.9799 | CI13: 9.98003 | CJ13: 9.97982 | CK13: 9.98001 | CL13: 9.97998 | CM13: 9.97978 | CN13: 9.97982 | CO13: 9.97976 | CP13: 9.9797 | CQ13: 9.97973 | CR13: 9.97977 | CS13: 9.97954 | CT13: 9.97936 | CU13: 9.97957 | CV13: 9.97966 | CW13: 9.97978 | CX13: 9.97959 | CY13: 9.98 | CZ13: 9.97996 | DA13: 9.97996 | DB13: 9.97982 | DC13: 9.97984 | DD13: 9.97992 | DE13: 9.98 | DF13: 9.98025 | DG13: 9.9805 | DH13: 9.98075 | DI13: 9.98079 | DJ13: 9.98073 | DK13: 9.98076 | DL13: 9.98085 | DM13: 9.98089 | DN13: 9.98071 | DO13: 9.9809 | DP13: 9.98089 | DQ13: 9.98064 | DR13: 9.98061 | DS13: 9.98086 | DT13: 9.9808 | DU13: 9.98062 | DV13: 9.98064 | DW13: 9.98074 | DX13: 9.98075 | DY13: 9.98072 | EA13: YDDS12 | EB13: 8.82571 | EC13: 8.82548 | ED13: 8.8252 | EE13: 8.82558 | EF13: 8.8257 | EG13: 8.82597 | EH13: 8.82614 | EI13: 8.82581 | EJ13: 8.82605 | EK13: 8.82597 | EL13: 8.82589 | EM13: 9.98084 | EN13: 8.8261 | EO13: 8.82612 | EP13: 8.82587 | EQ13: 8.82545 | ER13: 8.82541 | ES13: 8.82554 | ET13: 9.98073 | EU13: 8.8257 | EV13: 8.82573 | EW13: 8.82575 | EX13: 8.82553 | EY13: 8.82542 | EZ13: 8.8257 | FA13: 9.98075 | FB13: 8.82561 | FC13: 8.82582 | FD13: 8.82568 | FE13: 8.82578 | FF13: 8.82616 | FG13: 9.98074 | FH13: 8.82622 | FI13: 8.82623 | FJ13: 8.82591 | FK13: 8.82592 | FL13: 8.82589 | FM13: 9.9808 | FN13: 8.82594 | FO13: 8.82612 | FP13: 8.82582 | FQ13: 8.82574 | FR13: 8.82582 | FS13: 8.82554 | FT13: 8.8254 | FU13: 9.98061 | FV13: 8.82557 | FW13: 8.82558 | FX13: 9.98067 | FY13: 8.82534 | FZ13: 8.82518 | GA13: 8.8256 | GB13: 8.82532 | GC13: 8.82518 | GD13: 8.82519
A14: YDDC07-1 | B14: 9.98535 | C14: 9.98536 | D14: 9.98528 | E14: 9.98526 | F14: 9.98533 | G14: 9.98526 | H14: 9.98528 | I14: 9.9853 | J14: 9.98529 | K14: 9.98536 | L14: 9.98533 | M14: 9.98525 | N14: 9.98567 | O14: 9.98554 | P14: 9.987 | Q14: 9.98708 | R14: 9.987166 | S14: 9.98852 | T14: 9.98832 | U14: 9.98836 | V14: 9.98839 | W14: 9.9911 | X14: 9.99116 | Y14: 9.99105 | Z14: 9.99094 | AA14: 9.99077 | AB14: 9.9906 | AC14: 9.9901 | AD14: 9.9896 | AE14: 9.98959 | AF14: 9.98958 | AG14: 9.99034 | AH14: 9.9911 | AI14: 9.99101 | AJ14: 9.99091 | AK14: 9.99095 | AL14: 9.99099 | AM14: 9.99055 | AN14: 9.9901 | AO14: 9.99055 | AP14: 9.991 | AQ14: 9.99103 | AR14: 9.99096 | AS14: 9.99057 | AT14: 9.9904 | AU14: 9.99029 | AV14: 9.99029 | AW14: 9.99026 | AX14: 9.9904 | AY14: 9.99054 | AZ14: 9.9906 | BA14: 9.99039 | BB14: 9.99033 | BC14: 9.99039 | BD14: 9.99036 | BE14: 9.99025 | BF14: 9.99022 | BG14: 9.99105 | BH14: 9.99141 | BI14: 9.99138 | BJ14: 9.99137 | BK14: 9.99144 | BL14: 9.99151 | BM14: 9.99141 | BN14: 9.9913 | BO14: 9.99153 | BP14: 9.99163 | BQ14: 9.99203 | BR14: 9.9922 | BS14: 9.99225 | BT14: 9.99222 | BU14: 9.99201 | BV14: 9.9918 | BW14: 9.9917 | BX14: 9.9916 | BY14: 9.99143 | BZ14: 9.99155 | CA14: 9.99194 | CB14: 9.9921 | CC14: 9.99202 | CD14: 9.99202 | CE14: 9.99201 | CF14: 9.992 | CG14: 9.99202 | CH14: 9.99209 | CI14: 9.99208 | CJ14: 9.99185 | CK14: 9.99183 | CL14: 9.99186 | CM14: 9.99195 | CN14: 9.99189 | CO14: 9.9919 | CP14: 9.9919 | CQ14: 9.99196 | CR14: 9.99187 | CS14: 9.99171 | CT14: 9.99188 | CU14: 9.99195 | CV14: 9.99182 | CW14: 9.99179 | CX14: 9.99197 | CY14: 9.992 | CZ14: 9.99208 | DA14: 9.99196 | DB14: 9.99186 | DC14: 9.99185 | DD14: 9.99198 | DE14: 9.9921 | DF14: 9.9922 | DG14: 9.9923 | DH14: 9.99249 | DI14: 9.99232 | DJ14: 9.9925 | DK14: 9.99264 | DL14: 9.99238 | DM14: 9.99251 | DN14: 9.99256 | DO14: 9.99246 | DP14: 9.99249 | DQ14: 9.99244 | DR14: 9.99248 | DS14: 9.99261 | DT14: 9.99263 | DU14: 9.99244 | DV14: 9.99245 | DW14: 9.99238 | DX14: 9.9925 | DY14: 9.99235 | EA14: YDDS13 | EB14: 8.83397 | EC14: 8.83375 | ED14: 8.83348 | EE14: 8.83386 | EF14: 8.8338 | EG14: 8.83385 | EH14: 8.83409 | EI14: 8.83396 | EJ14: 8.83401 | EK14: 8.83431 | EL14: 8.83399 | EM14: 9.99246 | EN14: 8.83391 | EO14: 8.83419 | EP14: 8.83416 | EQ14: 8.83418 | ER14: 8.83418 | ES14: 8.83407 | ET14: 9.99239 | EU14: 8.83445 | EV14: 8.83455 | EW14: 8.83447 | EX14: 8.83463 | EY14: 8.83457 | EZ14: 8.8342 | FA14: 9.99243 | FB14: 8.83429 | FC14: 8.83389 | FD14: 8.83376 | FE14: 8.83371 | FF14: 8.83391 | FG14: 9.99249 | FH14: 8.83352 | FI14: 8.83372 | FJ14: 8.83371 | FK14: 8.83358 | FL14: 8.8339 | FM14: 9.99251 | FN14: 8.83407 | FO14: 8.83424 | FP14: 8.83456 | FQ14: 8.83438 | FR14: 8.83421 | FS14: 8.83397 | FT14: 8.83416 | FU14: 9.99234 | FV14: 8.83421 | FW14: 8.8343 | FX14: 9.99261 | FY14: 8.83399 | FZ14: 8.83416 | GA14: 8.83405 | GB14: 8.83439 | GC14: 8.83416 | GD14: 8.83375
A15: YDDC07-2 | B15: 9.98705 | C15: 9.98692 | D15: 9.98696 | E15: 9.987 | F15: 9.98692 | G15: 9.98703 | H15: 9.987 | I15: 9.98691 | J15: 9.98701 | K15: 9.98703 | L15: 9.98706 | M15: 9.98692 | N15: 9.98726 | O15: 9.98726 | P15: 9.9888 | Q15: 9.98888 | R15: 9.987861 | S15: 9.99054 | T15: 9.99022 | U15: 9.99018 | V15: 9.99028 | W15: 9.9929 | X15: 9.99282 | Y15: 9.99275 | Z15: 9.99267 | AA15: 9.99264 | AB15: 9.9926 | AC15: 9.99215 | AD15: 9.9917 | AE15: 9.99184 | AF15: 9.99198 | AG15: 9.99224 | AH15: 9.9925 | AI15: 9.99249 | AJ15: 9.99248 | AK15: 9.99253 | AL15: 9.99257 | AM15: 9.99224 | AN15: 9.9919 | AO15: 9.9924 | AP15: 9.99289 | AQ15: 9.9927 | AR15: 9.99275 | AS15: 9.99216 | AT15: 9.9919 | AU15: 9.99189 | AV15: 9.99173 | AW15: 9.99159 | AX15: 9.99193 | AY15: 9.9919 | AZ15: 9.99177 | BA15: 9.992 | BB15: 9.99192 | BC15: 9.99212 | BD15: 9.99175 | BE15: 9.99183 | BF15: 9.992 | BG15: 9.99309 | BH15: 9.99356 | BI15: 9.99359 | BJ15: 9.9936 | BK15: 9.99355 | BL15: 9.9935 | BM15: 9.99345 | BN15: 9.9934 | BO15: 9.99359 | BP15: 9.99367 | BQ15: 9.9939 | BR15: 9.994 | BS15: 9.99394 | BT15: 9.99382 | BU15: 9.99376 | BV15: 9.9937 | BW15: 9.9937 | BX15: 9.9937 | BY15: 9.99367 | BZ15: 9.99361 | CA15: 9.99381 | CB15: 9.9939 | CC15: 9.994 | CD15: 9.99377 | CE15: 9.99379 | CF15: 9.9938 | CG15: 9.99365 | CH15: 9.99381 | CI15: 9.99363 | CJ15: 9.99388 | CK15: 9.99387 | CL15: 9.9937 | CM15: 9.99374 | CN15: 9.99366 | CO15: 9.99368 | CP15: 9.9937 | CQ15: 9.99363 | CR15: 9.9937 | CS15: 9.99359 | CT15: 9.99352 | CU15: 9.99352 | CV15: 9.99359 | CW15: 9.99369 | CX15: 9.9938 | CY15: 9.9938 | CZ15: 9.9938 | DA15: 9.99379 | DB15: 9.99367 | DC15: 9.99373 | DD15: 9.99372 | DE15: 9.9937 | DF15: 9.9939 | DG15: 9.9941 | DH15: 9.99408 | DI15: 9.99419 | DJ15: 9.99401 | DK15: 9.99409 | DL15: 9.99403 | DM15: 9.99396 | DN15: 9.99416 | DO15: 9.99395 | DP15: 9.99403 | DQ15: 9.99402 | DR15: 9.99422 | DS15: 9.99416 | DT15: 9.99393 | DU15: 9.99405 | DV15: 9.99409 | DW15: 9.99418 | DX15: 9.99405 | DY15: 9.99417 | EA15: YDDS14 | EB15: 8.85892 | EC15: 8.85883 | ED15: 8.85843 | EE15: 8.8589 | EF15: 8.85854 | EG15: 8.85846 | EH15: 8.85847 | EI15: 8.85847 | EJ15: 8.85887 | EM15: 9.99411 | EN15: 8.8595 | EO15: 8.8591 | EP15: 8.85885 | EQ15: 8.85889 | ER15: 8.8592 | ES15: 8.8591 | ET15: 9.994 | EU15: 8.85899 | EV15: 8.85896 | EW15: 8.85883 | EX15: 8.85886 | EY15: 8.85887 | EZ15: 8.85902 | FA15: 9.99413 | FB15: 8.85921 | FC15: 8.85952 | FD15: 8.85929 | FE15: 8.85939 | FF15: 8.85893 | FG15: 9.99409 | FH15: 8.85849 | FI15: 8.85863 | FJ15: 8.8585 | FK15: 8.85877 | FL15: 8.85863 | FM15: 9.99415 | FN15: 8.85856 | FO15: 8.85873 | FP15: 8.85884 | FQ15: 8.85861 | FR15: 8.85826 | FS15: 8.85833 | FT15: 8.85855 | FU15: 9.99395 | FV15: 8.85887 | FW15: 8.85908 | FX15: 9.994 | FY15: 8.85898 | FZ15: 8.85917 | GA15: 8.85884 | GB15: 8.85917 | GC15: 8.85917 | GD15: 8.85898
A16: YDDC08-1 | B16: 10.0038 | C16: 10.00376 | D16: 10.00374 | E16: 10.00367 | F16: 10.00379 | G16: 10.0038 | H16: 10.00372 | I16: 10.00368 | J16: 10.00368 | K16: 10.0037 | L16: 10.00369 | M16: 10.00361 | N16: 10.00362 | O16: 10.0037 | P16: 10.0063 | Q16: 10.00651 | R16: 10.006776 | S16: 10.00756 | T16: 10.00743 | U16: 10.00744 | V16: 10.00754 | W16: 10.0101 | X16: 10.01023 | Y16: 10.0101 | Z16: 10.00997 | AA16: 10.00964 | AB16: 10.0093 | AC16: 10.009 | AD16: 10.0087 | AE16: 10.00871 | AF16: 10.00872 | AG16: 10.00921 | AH16: 10.0097 | AI16: 10.0097 | AJ16: 10.0097 | AK16: 10.00963 | AL16: 10.00955 | AM16: 10.00948 | AN16: 10.0094 | AO16: 10.0097 | AP16: 10.01 | AQ16: 10.00984 | AR16: 10.00983 | AS16: 10.00939 | AT16: 10.0092 | AU16: 10.00908 | AV16: 10.00921 | AW16: 10.00932 | AX16: 10.00905 | AY16: 10.00888 | AZ16: 10.00895 | BA16: 10.00897 | BB16: 10.00904 | BC16: 10.00921 | BD16: 10.0089 | BE16: 10.00889 | BF16: 10.00904 | BG16: 10.01036 | BH16: 10.01092 | BI16: 10.01103 | BJ16: 10.01108 | BK16: 10.01104 | BL16: 10.011 | BM16: 10.0109 | BN16: 10.0108 | BO16: 10.01095 | BP16: 10.01102 | BQ16: 10.01113 | BR16: 10.01118 | BS16: 10.01106 | BT16: 10.01125 | BU16: 10.01108 | BV16: 10.0109 | BW16: 10.01105 | BX16: 10.0112 | BY16: 10.01108 | BZ16: 10.01103 | CA16: 10.01101 | CB16: 10.011 | CC16: 10.01092 | CD16: 10.01094 | CE16: 10.01097 | CF16: 10.011 | CG16: 10.01097 | CH16: 10.01099 | CI16: 10.01098 | CJ16: 10.01092 | CK16: 10.01091 | CL16: 10.0109 | CM16: 10.01075 | CN16: 10.01098 | CO16: 10.01109 | CP16: 10.0112 | CQ16: 10.01114 | CR16: 10.01113 | CS16: 10.01123 | CT16: 10.01104 | CU16: 10.01118 | CV16: 10.01125 | CW16: 10.01116 | CX16: 10.01112 | CY16: 10.0113 | CZ16: 10.01129 | DA16: 10.01121 | DB16: 10.01131 | DC16: 10.0114 | DD16: 10.01145 | DE16: 10.0115 | DF16: 10.0114 | DG16: 10.0113 | DH16: 10.01098 | DI16: 10.01086 | DJ16: 10.01095 | DK16: 10.01113 | DL16: 10.01101 | DM16: 10.011 | DN16: 10.01095 | DO16: 10.01088 | DP16: 10.01086 | DQ16: 10.01086 | DR16: 10.0111 | DS16: 10.01113 | DT16: 10.01105 | DU16: 10.01112 | DV16: 10.01096 | DW16: 10.01102 | DX16: 10.01106 | DY16: 10.01112 | EA16: YDDS15 | EB16: 8.88386 | EC16: 8.88378 | ED16: 8.88349 | EE16: 8.88392 | EF16: 8.88392 | EG16: 8.88366 | EH16: 8.88345 | EI16: 8.88328 | EJ16: 8.88359 | EK16: 8.88363 | EL16: 8.88332 | EM16: 10.01103 | EN16: 8.8837 | EO16: 8.88403 | EP16: 8.88426 | EQ16: 8.88393 | ER16: 8.88387 | ES16: 8.88365 | ET16: 10.01096 | EU16: 8.8835 | EV16: 8.88366 | EW16: 8.88343 | EX16: 8.88346 | EY16: 8.88352 | EZ16: 8.88361 | FA16: 10.01112 | FB16: 8.88346 | FC16: 8.88363 | FD16: 8.88383 | FE16: 8.88413 | FF16: 8.88372 | FG16: 10.01109 | FH16: 8.88409 | FI16: 8.8844 | FJ16: 8.88447 | FK16: 8.88436 | FL16: 8.88402 | FM16: 10.01108 | FN16: 8.88423 | FO16: 8.88436 | FP16: 8.88395 | FQ16: 8.88367 | FR16: 8.88324 | FS16: 8.88335 | FT16: 8.88379 | FU16: 10.01107 | FV16: 8.88353 | FW16: 8.8836 | FX16: 10.01105 | FY16: 8.88326 | FZ16: 8.88369 | GA16: 8.88324 | GB16: 8.88355 | GC16: 8.88369 | GD16: 8.8834
A17: YDDC08-2 | B17: 10.01405 | C17: 10.01395 | D17: 10.01405 | E17: 10.01399 | F17: 10.01403 | G17: 10.01396 | H17: 10.0139 | I17: 10.01394 | J17: 10.01406 | K17: 10.01394 | L17: 10.01393 | M17: 10.01384 | N17: 10.01395 | O17: 10.01422 | P17: 10.0165 | Q17: 10.01667 | R17: 10.017306 | S17: 10.01771 | T17: 10.01755 | U17: 10.01751 | V17: 10.01768 | W17: 10.0202 | X17: 10.0203 | Y17: 10.0202 | Z17: 10.0201 | AA17: 10.0198 | AB17: 10.0195 | AC17: 10.0192 | AD17: 10.0189 | AE17: 10.01904 | AF17: 10.01918 | AG17: 10.01944 | AH17: 10.0197 | AI17: 10.01964 | AJ17: 10.01957 | AK17: 10.01973 | AL17: 10.01989 | AM17: 10.01965 | AN17: 10.0194 | AO17: 10.01985 | AP17: 10.0203 | AQ17: 10.02036 | AR17: 10.02023 | AS17: 10.01965 | AT17: 10.0194 | AU17: 10.01946 | AV17: 10.01926 | AW17: 10.01926 | AX17: 10.01942 | AY17: 10.01952 | AZ17: 10.0193 | BA17: 10.01946 | BB17: 10.01953 | BC17: 10.01944 | BD17: 10.01931 | BE17: 10.01928 | BF17: 10.01959 | BG17: 10.02065 | BH17: 10.0211 | BI17: 10.02107 | BJ17: 10.02105 | BK17: 10.02097 | BL17: 10.02089 | BM17: 10.02085 | BN17: 10.0208 | BO17: 10.02103 | BP17: 10.02113 | BQ17: 10.0212 | BR17: 10.02123 | BS17: 10.02107 | BT17: 10.02122 | BU17: 10.02111 | BV17: 10.021 | BW17: 10.0212 | BX17: 10.0214 | BY17: 10.02122 | BZ17: 10.02124 | CA17: 10.02114 | CB17: 10.0211 | CC17: 10.02112 | CD17: 10.02092 | CE17: 10.02101 | CF17: 10.0211 | CG17: 10.02114 | CH17: 10.02096 | CI17: 10.02111 | CJ17: 10.02101 | CK17: 10.02121 | CL17: 10.0214 | CM17: 10.02135 | CN17: 10.02143 | CO17: 10.02137 | CP17: 10.0213 | CQ17: 10.02112 | CR17: 10.02131 | CS17: 10.02121 | CT17: 10.02139 | CU17: 10.02123 | CV17: 10.02118 | CW17: 10.02132 | CX17: 10.02116 | CY17: 10.0214 | CZ17: 10.02145 | DA17: 10.02122 | DB17: 10.02146 | DC17: 10.0217 | DD17: 10.0215 | DE17: 10.0213 | DF17: 10.0214 | DG17: 10.0215 | DH17: 10.02195 | DI17: 10.02196 | DJ17: 10.02202 | DK17: 10.02181 | DL17: 10.02185 | DM17: 10.02198 | DN17: 10.02205 | DO17: 10.02195 | DP17: 10.02193 | DQ17: 10.022 | DR17: 10.02182 | DS17: 10.02201 | DT17: 10.02208 | DU17: 10.02192 | DV17: 10.02182 | DW17: 10.02184 | DX17: 10.02188 | DY17: 10.02209 | EA17: YDDS16 | EB17: 8.87834 | EC17: 8.87832 | ED17: 8.87803 | EE17: 8.87838 | EF17: 8.87862 | EG17: 8.87892 | EH17: 8.87846 | EI17: 8.87874 | EJ17: 8.87901 | EK17: 8.87867 | EL17: 8.87869 | EM17: 10.02203 | EN17: 8.87847 | EO17: 8.8789 | EQ17: 8.87879 | ER17: 8.87878 | ES17: 8.87894 | ET17: 10.02192 | EU17: 8.87866 | EV17: 8.87863 | EW17: 8.87864 | EX17: 8.87857 | EY17: 8.87849 | EZ17: 8.8781 | FA17: 10.02182 | FB17: 8.87833 | FC17: 8.87863 | FD17: 8.87853 | FE17: 8.87881 | FF17: 8.87872 | FG17: 10.02199 | FH17: 8.87885 | FI17: 8.87881 | FJ17: 8.87859 | FK17: 8.87837 | FL17: 8.87798 | FM17: 10.02209 | FN17: 8.87772 | FO17: 8.87803 | FP17: 8.87794 | FQ17: 8.87776 | FR17: 8.87818 | FS17: 8.87807 | FT17: 8.87785 | FU17: 10.02206 | FV17: 8.87774 | FW17: 8.87795 | FX17: 10.02199 | FY17: 8.8779 | FZ17: 8.87777 | GA17: 8.87805 | GB17: 8.87767 | GC17: 8.87777 | GD17: 8.87807
A18: YDDC09-1 | B18: 10.01345 | C18: 10.01341 | D18: 10.01339 | E18: 10.0134 | F18: 10.01333 | G18: 10.0134 | H18: 10.01339 | I18: 10.01333 | J18: 10.01331 | K18: 10.01333 | L18: 10.01332 | M18: 10.01326 | N18: 10.01364 | O18: 10.01387 | P18: 10.0159 | Q18: 10.0161 | R18: 10.016501 | S18: 10.01766 | T18: 10.01754 | U18: 10.01756 | V18: 10.01773 | W18: 10.0205 | X18: 10.02065 | Y18: 10.0207 | Z18: 10.02075 | AA18: 10.01998 | AB18: 10.0192 | AC18: 10.0191 | AD18: 10.019 | AE18: 10.01898 | AF18: 10.01896 | AG18: 10.01933 | AH18: 10.0197 | AI18: 10.01963 | AJ18: 10.01955 | AK18: 10.01972 | AL18: 10.01988 | AM18: 10.01964 | AN18: 10.0194 | AO18: 10.01947 | AP18: 10.01954 | AQ18: 10.0194 | AR18: 10.01949 | AS18: 10.01971 | AT18: 10.0198 | AU18: 10.01982 | AV18: 10.0198 | AW18: 10.01999 | AX18: 10.01999 | AY18: 10.0198 | AZ18: 10.01997 | BA18: 10.02015 | BB18: 10.01987 | BC18: 10.02014 | BD18: 10.01981 | BE18: 10.02017 | BF18: 10.01984 | BG18: 10.02044 | BH18: 10.0207 | BI18: 10.02062 | BJ18: 10.02059 | BK18: 10.02059 | BL18: 10.02058 | BM18: 10.02079 | BN18: 10.021 | BO18: 10.02116 | BP18: 10.02087 | BQ18: 10.02122 | BR18: 10.02137 | BS18: 10.02138 | BT18: 10.02118 | BU18: 10.02114 | BV18: 10.0211 | BW18: 10.0212 | BX18: 10.0213 | BY18: 10.02121 | BZ18: 10.02112 | CA18: 10.02118 | CB18: 10.0212 | CC18: 10.0213 | CD18: 10.02126 | CE18: 10.02128 | CF18: 10.0213 | CG18: 10.02126 | CH18: 10.02115 | CI18: 10.02118 | CJ18: 10.02112 | CK18: 10.02121 | CL18: 10.02121 | CM18: 10.02116 | CN18: 10.02122 | CO18: 10.02131 | CP18: 10.0214 | CQ18: 10.02135 | CR18: 10.02143 | CS18: 10.0213 | CT18: 10.02149 | CU18: 10.02146 | CV18: 10.02137 | CW18: 10.02125 | CX18: 10.02146 | CY18: 10.0217 | CZ18: 10.02178 | DA18: 10.02152 | DB18: 10.0216 | DC18: 10.02163 | DD18: 10.02157 | DE18: 10.0215 | DF18: 10.0216 | DG18: 10.0217 | DH18: 10.02177 | DI18: 10.02165 | DJ18: 10.02178 | DK18: 10.02164 | DL18: 10.0219 | DM18: 10.0218 | DN18: 10.02175 | DO18: 10.02167 | DP18: 10.02182 | DQ18: 10.0218 | DR18: 10.02174 | DS18: 10.02187 | DT18: 10.02169 | DU18: 10.02179 | DV18: 10.02164 | DW18: 10.02185 | DX18: 10.02165 | DY18: 10.02182 | EA18: YDDS17 | EB18: 8.89362 | EC18: 8.89334 | ED18: 8.89319 | EE18: 8.89367 | EF18: 8.89402 | EG18: 8.89369 | EH18: 8.89353 | EI18: 8.89386 | EJ18: 8.89366 | EK18: 8.89342 | EL18: 8.89354 | EM18: 10.02172 | EN18: 8.89383 | EO18: 8.89352 | EP18: 8.89372 | EQ18: 8.89406 | ER18: 8.89396 | ES18: 8.89362 | ET18: 10.02167 | EU18: 8.8941 | EV18: 8.8943 | EW18: 8.89422 | EX18: 8.89412 | EY18: 8.89399 | EZ18: 8.89353 | FA18: 10.02191 | FB18: 8.8936 | FC18: 8.89359 | FD18: 8.89356 | FE18: 8.89326 | FF18: 8.89327 | FG18: 10.02182 | FH18: 8.8933 | FI18: 8.89318 | FJ18: 8.89306 | FK18: 8.89295 | FL18: 8.89308 | FM18: 10.02175 | FN18: 8.89322 | FO18: 8.89347 | FP18: 8.89333 | FQ18: 8.89356 | FR18: 8.89368 | FS18: 8.89364 | FT18: 8.89334 | FU18: 10.02185 | FV18: 8.89295 | FW18: 8.8931 | FX18: 10.02192 | FY18: 8.89329 | FZ18: 8.89313 | GA18: 8.89342 | GB18: 8.89298 | GC18: 8.89313 | GD18: 8.89315
A19: YDDC09-2 | B19: 9.9908 | C19: 9.99081 | D19: 9.99065 | E19: 9.99081 | F19: 9.99068 | G19: 9.9907 | H19: 9.99071 | I19: 9.99068 | J19: 9.99075 | K19: 9.99069 | L19: 9.99074 | M19: 9.99067 | N19: 9.99084 | O19: 9.99088 | P19: 9.9931 | Q19: 9.99326 | R19: 9.993501 | S19: 9.99482 | T19: 9.99458 | U19: 9.99457 | V19: 9.99449 | W19: 9.9974 | X19: 9.99754 | Y19: 9.99744 | Z19: 9.99734 | AA19: 9.99687 | AB19: 9.9964 | AC19: 9.99635 | AD19: 9.9963 | AE19: 9.99637 | AF19: 9.99644 | AG19: 9.99662 | AH19: 9.9968 | AI19: 9.99681 | AJ19: 9.99681 | AK19: 9.99672 | AL19: 9.99663 | AM19: 9.99662 | AN19: 9.9966 | AO19: 9.99656 | AP19: 9.99651 | AQ19: 9.99663 | AR19: 9.99638 | AS19: 9.99639 | AT19: 9.9964 | AU19: 9.9966 | AV19: 9.99633 | AW19: 9.9963 | AX19: 9.99629 | AY19: 9.99622 | AZ19: 9.99628 | BA19: 9.99642 | BB19: 9.99646 | BC19: 9.99619 | BD19: 9.99617 | BE19: 9.9963 | BF19: 9.99615 | BG19: 9.99745 | BH19: 9.99801 | BI19: 9.99797 | BJ19: 9.99795 | BK19: 9.99787 | BL19: 9.99778 | BM19: 9.99794 | BN19: 9.9981 | BO19: 9.99829 | BP19: 9.99808 | BQ19: 9.99806 | BR19: 9.99805 | BS19: 9.99802 | BT19: 9.99795 | BU19: 9.99808 | BV19: 9.9982 | BW19: 9.99825 | BX19: 9.9983 | BY19: 9.99826 | BZ19: 9.99832 | CA19: 9.99831 | CB19: 9.9983 | CC19: 9.99829 | CD19: 9.99839 | CE19: 9.9983 | CF19: 9.9982 | CG19: 9.99811 | CH19: 9.99823 | CI19: 9.99812 | CJ19: 9.99815 | CK19: 9.9983 | CL19: 9.9981 | CM19: 9.99795 | CN19: 9.9981 | CO19: 9.9982 | CP19: 9.9983 | CQ19: 9.99821 | CR19: 9.99811 | CS19: 9.99828 | CT19: 9.9982 | CU19: 9.99828 | CV19: 9.99812 | CW19: 9.9984 | CX19: 9.99814 | CY19: 9.9985 | CZ19: 9.99832 | DA19: 9.99853 | DB19: 9.99859 | DC19: 9.9984 | DD19: 9.9984 | DE19: 9.9984 | DF19: 9.9985 | DG19: 9.9986 | DH19: 9.99834 | DI19: 9.99831 | DJ19: 9.99824 | DK19: 9.99833 | DL19: 9.99833 | DM19: 9.99834 | DN19: 9.99831 | DO19: 9.9983 | DP19: 9.99834 | DQ19: 9.9982 | DR19: 9.99836 | DS19: 9.99825 | DT19: 9.99845 | DU19: 9.99822 | DV19: 9.99846 | DW19: 9.99827 | DX19: 9.99834 | DY19: 9.99827 | EA19: YDDS18 | EB19: 8.9041 | EC19: 8.90385 | ED19: 8.90372 | EE19: 8.90417 | EF19: 8.90459 | EG19: 8.90465 | EH19: 8.90447 | EI19: 8.90431 | EJ19: 8.90444 | EK19: 8.90473 | EL19: 8.90458 | EM19: 9.99832 | EN19: 8.90375 | EO19: 8.90387 | EP19: 8.90419 | EQ19: 8.9042 | ER19: 8.90458 | ES19: 8.90428 | ET19: 9.99823 | EU19: 8.90412 | EV19: 8.90437 | EW19: 8.90452 | EX19: 8.90407 | EY19: 8.90426 | EZ19: 8.90415 | FA19: 9.99824 | FB19: 8.90374 | FC19: 8.90372 | FD19: 8.90408 | FE19: 8.90449 | FF19: 8.90419 | FG19: 9.99829 | FH19: 8.90395 | FI19: 8.90378 | FJ19: 8.90356 | FK19: 8.90386 | FL19: 8.90369 | FM19: 9.99842 | FN19: 8.90371 | FO19: 8.90364 | FP19: 8.90378 | FQ19: 8.90363 | FR19: 8.904 | FS19: 8.90368 | FT19: 8.90402 | FU19: 9.99835 | FV19: 8.90411 | FW19: 8.90405 | FX19: 9.99824 | FY19: 8.90391 | FZ19: 8.90415 | GA19: 8.90396 | GB19: 8.90428 | GC19: 8.90415 | GD19: 8.90383
A20: YDDC10-1 | B20: 10.044 | C20: 10.0439 | D20: 10.04387 | E20: 10.04389 | F20: 10.04396 | G20: 10.04397 | H20: 10.04387 | I20: 10.04398 | J20: 10.04393 | K20: 10.04401 | L20: 10.04391 | M20: 10.04382 | N20: 10.0441 | O20: 10.04422 | P20: 10.0464 | Q20: 10.04659 | R20: 10.046998 | S20: 10.04692 | T20: 10.04692 | U20: 10.04691 | V20: 10.04711 | W20: 10.051 | X20: 10.05091 | Y20: 10.05075 | Z20: 10.05059 | AA20: 10.05025 | AB20: 10.0499 | AC20: 10.0497 | AD20: 10.0495 | AE20: 10.0496 | AF20: 10.0497 | AG20: 10.04985 | AH20: 10.05 | AI20: 10.04992 | AJ20: 10.04984 | AK20: 10.04999 | AL20: 10.05014 | AM20: 10.05007 | AN20: 10.05 | AO20: 10.05032 | AP20: 10.05063 | AQ20: 10.05073 | AR20: 10.05077 | AS20: 10.05051 | AT20: 10.0504 | AU20: 10.05054 | AV20: 10.05042 | AW20: 10.05025 | AX20: 10.0504 | AY20: 10.05034 | AZ20: 10.05025 | BA20: 10.05044 | BB20: 10.05032 | BC20: 10.05023 | BD20: 10.05051 | BE20: 10.05033 | BF20: 10.05052 | BG20: 10.0513 | BH20: 10.05164 | BI20: 10.05154 | BJ20: 10.05149 | BK20: 10.05148 | BL20: 10.05146 | BM20: 10.05153 | BN20: 10.0516 | BO20: 10.05166 | BP20: 10.05147 | BQ20: 10.0519 | BR20: 10.05209 | BS20: 10.05191 | BT20: 10.05212 | BU20: 10.05186 | BV20: 10.0516 | BW20: 10.05175 | BX20: 10.0519 | BY20: 10.05192 | BZ20: 10.052 | CA20: 10.05193 | CB20: 10.0519 | CC20: 10.05194 | CD20: 10.05197 | CE20: 10.05204 | CF20: 10.0521 | CG20: 10.05212 | CH20: 10.05194 | CI20: 10.05197 | CJ20: 10.05196 | CK20: 10.05198 | CL20: 10.05218 | CM20: 10.05202 | CN20: 10.052 | CO20: 10.05185 | CP20: 10.0517 | CQ20: 10.05179 | CR20: 10.05153 | CS20: 10.05166 | CT20: 10.05151 | CU20: 10.05172 | CV20: 10.05174 | CW20: 10.05169 | CX20: 10.05157 | CY20: 10.052 | CZ20: 10.05193 | DA20: 10.05183 | DB20: 10.0521 | DC20: 10.05204 | DD20: 10.05197 | DE20: 10.0519 | DF20: 10.0521 | DG20: 10.0523 | DH20: 10.05265 | DI20: 10.05276 | DJ20: 10.0525 | DK20: 10.05272 | DL20: 10.05275 | DM20: 10.05266 | DN20: 10.05264 | DO20: 10.0525 | DP20: 10.05269 | DQ20: 10.05261 | DR20: 10.05251 | DS20: 10.05259 | DT20: 10.05271 | DU20: 10.0527 | DV20: 10.05252 | DW20: 10.05261 | DX20: 10.0525 | DY20: 10.05259 | EA20: YDDS19 | EB20: 8.90602 | EC20: 8.90576 | ED20: 8.90558 | EE20: 8.90594 | EF20: 8.90607 | EG20: 8.906 | EH20: 8.90617 | EI20: 8.90589 | EJ20: 8.90581 | EK20: 8.90537 | EL20: 8.90549 | EM20: 10.05266 | EN20: 8.90548 | EO20: 8.90547 | EP20: 8.90552 | EQ20: 8.90545 | ER20: 8.90578 | ES20: 8.90607 | ET20: 10.0526 | EU20: 8.90596 | EV20: 8.90582 | EW20: 8.90575 | EX20: 8.90552 | EY20: 8.90555 | EZ20: 8.90571 | FA20: 10.05279 | FB20: 8.90551 | FC20: 8.90571 | FD20: 8.90552 | FE20: 8.90552 | FF20: 8.90555 | FG20: 10.05272 | FH20: 8.90592 | FI20: 8.90563 | FJ20: 8.90594 | FK20: 8.90632 | FL20: 8.90622 | FM20: 10.05259 | FN20: 8.9061 | FO20: 8.90575 | FP20: 8.90566 | FQ20: 8.90546 | FR20: 8.9056 | FS20: 8.90555 | FT20: 8.90557 | FU20: 10.05261 | FV20: 8.90579 | FW20: 8.90545 | FX20: 10.05268 | FY20: 8.90574 | FZ20: 8.90553 | GA20: 8.90573 | GB20: 8.90545 | GC20: 8.90553 | GD20: 8.90587
A21: YDDC10-2 | B21: 10.0286 | C21: 10.02851 | D21: 10.02851 | E21: 10.0286 | F21: 10.02856 | G21: 10.02857 | H21: 10.02852 | I21: 10.02846 | J21: 10.02852 | K21: 10.02858 | L21: 10.02851 | M21: 10.02851 | N21: 10.02875 | O21: 10.02886 | P21: 10.0312 | Q21: 10.03121 | R21: 10.031676 | S21: 10.03155 | T21: 10.03127 | U21: 10.03127 | V21: 10.03145 | W21: 10.0358 | X21: 10.03577 | Y21: 10.03566 | Z21: 10.03555 | AA21: 10.03513 | AB21: 10.0347 | AC21: 10.0346 | AD21: 10.0345 | AE21: 10.0345 | AF21: 10.03449 | AG21: 10.0349 | AH21: 10.0353 | AI21: 10.03525 | AJ21: 10.0352 | AK21: 10.03525 | AL21: 10.0353 | AM21: 10.0351 | AN21: 10.0349 | AO21: 10.03504 | AP21: 10.03517 | AQ21: 10.03526 | AR21: 10.03522 | AS21: 10.03514 | AT21: 10.0351 | AU21: 10.03496 | AV21: 10.03494 | AW21: 10.03485 | AX21: 10.03488 | AY21: 10.0348 | AZ21: 10.03488 | BA21: 10.03489 | BB21: 10.03498 | BC21: 10.03494 | BD21: 10.03473 | BE21: 10.03476 | BF21: 10.03476 | BG21: 10.03594 | BH21: 10.03645 | BI21: 10.03635 | BJ21: 10.0363 | BK21: 10.03634 | BL21: 10.03637 | BM21: 10.03639 | BN21: 10.0364 | BO21: 10.03646 | BP21: 10.03654 | BQ21: 10.03687 | BR21: 10.03701 | BS21: 10.03691 | BT21: 10.03701 | BU21: 10.03676 | BV21: 10.0365 | BW21: 10.0366 | BX21: 10.0367 | BY21: 10.03658 | BZ21: 10.03652 | CA21: 10.03665 | CB21: 10.0367 | CC21: 10.0367 | CD21: 10.03652 | CE21: 10.03671 | CF21: 10.0369 | CG21: 10.03688 | CH21: 10.03681 | CI21: 10.03687 | CJ21: 10.03698 | CK21: 10.03685 | CL21: 10.03687 | CM21: 10.03694 | CN21: 10.03678 | CO21: 10.03669 | CP21: 10.0366 | CQ21: 10.03667 | CR21: 10.03662 | CS21: 10.03653 | CT21: 10.03652 | CU21: 10.03642 | CV21: 10.03653 | CW21: 10.03641 | CX21: 10.03651 | CY21: 10.0369 | CZ21: 10.03676 | DA21: 10.03671 | DB21: 10.03696 | DC21: 10.03688 | DD21: 10.03679 | DE21: 10.0367 | DF21: 10.037 | DG21: 10.0373 | DH21: 10.03731 | DI21: 10.03712 | DJ21: 10.03745 | DK21: 10.03733 | DL21: 10.03716 | DM21: 10.03726 | DN21: 10.03744 | DO21: 10.03725 | DP21: 10.03731 | DQ21: 10.03719 | DR21: 10.03743 | DS21: 10.03739 | DT21: 10.03718 | DU21: 10.03722 | DV21: 10.03724 | DW21: 10.03739 | DX21: 10.03742 | DY21: 10.03744 | EA21: YDDS20 | EB21: 8.921 | EC21: 8.92059 | ED21: 8.92043 | EE21: 8.92084 | EF21: 8.92083 | EG21: 8.92094 | EH21: 8.92054 | EI21: 8.9204 | EJ21: 8.92045 | EK21: 8.92048 | EL21: 8.92045 | EM21: 10.03729 | EN21: 8.92057 | EO21: 8.92048 | EP21: 8.92057 | EQ21: 8.92086 | ER21: 8.92097 | ES21: 8.92083 | ET21: 10.03724 | EU21: 8.92104 | EV21: 8.92098 | EW21: 8.9211 | EX21: 8.92105 | EY21: 8.92126 | EZ21: 8.92132 | FA21: 10.03742 | FB21: 8.92155 | FC21: 8.9216 | FD21: 8.9216 | FE21: 8.92165 | FF21: 8.92155 | FG21: 10.03737 | FH21: 8.92143 | FI21: 8.92156 | FJ21: 8.92153 | FK21: 8.92131 | FL21: 8.92156 | FM21: 10.03724 | FN21: 8.9214 | FO21: 8.92163 | FP21: 8.92124 | FQ21: 8.92133 | FR21: 8.92095 | FS21: 8.9209 | FT21: 8.92111 | FU21: 10.03716 | FV21: 8.92156 | FW21: 8.92128 | FX21: 10.03716 | FY21: 8.92135 | FZ21: 8.92132 | GA21: 8.9214 | GB21: 8.92147 | GC21: 8.92132 | GD21: 8.921
